zone_id,zone_name,province,category,is_uganda_border,is_kinshasa,lat,lon,area_km2
ADqfcJ05GHD,Kitona,Kongo Central,other,0,0,-5.986122119999948,12.595165660642216,357.19049653347383
ARnHjae4l5S,Loko,Nord-Ubangi,other,0,0,3.7548339190001623,21.18903976498793,
Ab6jrKWO5EZ,Kokolo,Kinshasa,kinshasa,0,1,-4.332607051999929,15.288155199958627,9.534144369469344
Al39AWPqFCc,Bunkonde,Kasaï Central,other,0,0,,,
Al5GBxzCgMe,Kabondo,Tshopo,other,0,0,0.611433901500078,25.36859620730113,422.0917555573457
ApdB8z3Wrxt,Damas,Ituri,other,0,0,2.1976361605001387,30.229346408586437,1843.311293559712
ArdlF8PnpYL,Libenge,Sud-Ubangi,other,0,0,2.96561,19.12972,
BTGp4czwZRN,Kamonia,Kasaï,other,0,0,-6.920222849999959,20.87109407626876,4321.711945207714
BdGu22qs6aS,Tshamilemba,Haut-Katanga,other,0,0,-11.633365474999948,27.502980503885496,18.87021370380805
BjbUZ5acV7t,Bandalungwa,Kinshasa,kinshasa,0,1,-4.3500984969102205,15.283527192025034,4.284087399339772
BmjuXfI9o9i,Tunda,Maniema,other,0,0,-4.08212189166187,25.237559823919813,
Bou7OgEKEp1,Yakoma,Nord-Ubangi,other,0,0,4.050257738000056,22.2848351895393,2045.3282344511545
BsSB1PA58Qp,Obokote,Maniema,other,0,0,-1.0809084761451686,26.701127092554685,
Bxi65HPz420,Idjwi,Sud-Kivu,other,0,0,-2.73359,28.43476,
CFKkX16A1rM,Birambizo,Nord-Kivu,other,0,0,,,
CLboGR4F3lj,Adja,Ituri,other,0,0,3.075097472000124,30.475237413395348,867.8609125012797
CP7PqKqIADY,Haut Plateau,Sud-Kivu,other,0,0,-2.36743,28.70011,
CPZTm1VIXB9,Yalimbongo,Tshopo,other,0,0,1.934045180000183,23.551698927242285,6581.249114905968
CSvyaLZJiEt,Wapinda,Nord-Ubangi,other,0,0,3.664005,20.67373,
CSwaGvyMS6Z,Sakania,Haut-Katanga,other,0,0,-12.652999969499945,29.163122688413537,19925.7826462548
Ca5EitY4zzl,Mulumba,Lomami,other,0,0,,,
D1jF9OzETge,Kalamu 1,Kinshasa,kinshasa,0,1,-4.349442043499948,15.312472628636176,3.819715086063164
D4KWg03yZrX,Yabaondo,Tshopo,other,0,0,0.66219,25.06511,
D6IRek5MhIt,Masisi,Nord-Kivu,other,0,0,-1.5099999999999625,28.67465963331973,1133.9351899915512
DD5m0lzETfF,Inga,Kongo Central,other,0,0,-5.430542171999946,13.467383978393803,1582.1153156925889
DFcltLEKLxj,Aungba,Ituri,other,0,0,2.5670708830760702,30.592536320311343,1049.3222581429138
DZV9ipxIsg1,Kwilu Ngongo,Kongo Central,other,0,0,-5.4828365994999615,14.71403006940854,1807.691533151256
DmRUZqBRNzB,Mbandaka,Equateur,other,0,0,0.2233319480001512,18.37849754646176,1140.4964536463597
DrEgd3k7YFu,Kikongo,Kwilu,other,0,0,-4.094631602499959,17.164014808897683,
EGoMVOvVUAp,Rungu,Haut-Uele,other,0,0,2.8721408758778737,28.04597429304644,4735.448650862281
ER2ozdS2Ysm,Ingende,Equateur,other,0,0,-0.4324889875511246,18.849842036410436,4924.0196358509975
ET5R8zSN3gm,Wamba,Haut-Uele,other,0,0,2.104064561500138,28.0995466507865,6848.088836734715
EgtXyZdGsLP,Titule,Bas-Uele,other,0,0,2.863400851500046,25.609301173766774,6676.516677525795
EofZhh5yYMG,Panda,Haut-Katanga,other,0,0,-10.991943535499956,26.82777014094909,156.35428500872132
EyMlz2Qvcmt,Punia,Maniema,other,0,0,-1.7109325739644703,27.02151326743092,11190.99261098864
F0zQH8NbaIx,Masina 1,Kinshasa,kinshasa,0,1,-4.3785082569999645,15.377845893098096,7.70486229437321
F2sZHvPlln6,Gemena,Sud-Ubangi,other,0,0,3.122993015500072,19.851172723586934,1205.9536030496697
FDNwbfrJhkA,Fataki,Ituri,other,0,0,1.9004797405000888,30.565348794325672,396.07061579849005
FMXSE1MWvdO,Kibombo,Maniema,other,0,0,-4.10244360266454,25.882166495210825,10801.092626547936
G1OIhUfxLw5,Opienge,Tshopo,other,0,0,0.1632001170002297,27.42491919919289,18968.69673514191
GLky3WLKZTi,Alimbongo,Nord-Kivu,other,0,0,-0.2906046329999299,28.78743620988903,3265.818862901032
GMlNzqj2WDG,Ndage,Sud-Ubangi,other,0,0,3.09975,19.00861,
GPi6i83o7l6,Bunia,Ituri,outbreak,0,0,1.607713140500067,30.282078091482003,122.26020522727916
GaaOhIJU3Bx,Kikwit Nord,Kwilu,other,0,0,-5.020011757999953,18.856951233295185,98.38050792384384
GcP2B8nmUVo,Bokoro,Maindombe,other,0,0,-2.942644271999967,18.540797942183588,
GkqfQB4CBwt,Dungu,Haut-Uele,other,0,0,3.742747825999999,28.45466115023968,19079.849805305945
GpdRlogsSiE,Kafubu,Haut-Katanga,other,0,0,-11.510610248499972,27.990191822099817,7491.550321816324
H0UZDpNtJ17,Faradje,Haut-Uele,other,0,0,3.826717665000104,29.993934880547936,6476.377346004319
H8vCqAKUlyX,Lubumbashi,Haut-Katanga,other,0,0,-11.579185749999963,27.454206420179005,146.4610819363206
HHv5opVWeoY,Yahisuli,Tshopo,other,0,0,0.0614563390002445,23.929403809021697,4369.928218408199
HN9etyIXrEE,Kansele,Kasaï Oriental,other,0,0,-6.111563399999966,23.612542792157324,4.165641167012123
HYPBUncgldT,Bena Leka,Kasaï Central,other,0,0,-6.09995,22.45544,
HllryitwQ4u,Muya,Kasaï Oriental,other,0,0,,,
HtQZ7yf79SN,Lubutu,Maniema,other,0,0,-0.5002085374000842,26.813096595730435,11565.99805498526
Hxf5Q4aK6Ad,Katoyi,Nord-Kivu,other,0,0,-0.16881,29.44287,
I42uxuyvTXt,Kafakumba,Lualaba,other,0,0,,,
I9d1F9TGn33,Lubunga,Tshopo,other,0,0,0.4130002195000486,25.10564709446672,740.2159766732162
IMkgSD6FVjc,Tshopo,Tshopo,other,0,0,0.8225417305001201,25.51250589004271,1352.0340481217977
IOin37HS2Wz,Kenya,Haut-Katanga,other,0,0,-11.760902616499948,27.522895425055356,80.06460958111785
IPDJ2AFLJ1q,Katako Kombe,Sankuru,other,0,0,-3.75181,23.76796,
IQjyCunMvUt,Yakusu,Tshopo,other,0,0,,,
IpT4QLSAYMK,Kalima,Maniema,other,0,0,-2.7039978645039757,26.59605594050379,3994.166428546552
IyDb5geWMDN,Manguredjipa,Nord-Kivu,other,0,0,0.3729444210001702,28.47143030637347,5555.377421342198
J0LvPM9HPVN,Wangata,Equateur,other,0,0,0.0577628450000659,18.227409852266195,64.28908492874949
J1nws7yZLvv,Budjala,Sud-Ubangi,other,0,0,2.4326801575000445,19.72027330363373,2399.190171075757
J1sz6yfmelr,Yambuku,Mongala,other,0,0,1.61938,21.79741,
J7p1ASHGpX4,Djolu,Tshuapa,other,0,0,0.3902525815002775,22.58299651112836,
JBCsFIBR2IO,Nzanza,Kongo Central,other,0,0,,,
JRaVxSGfJ9Z,Mosango,Kwilu,other,0,0,-4.988277529499953,18.206429893074905,2606.3355843039826
JhJFxKnFvmJ,Limete,Kinshasa,kinshasa,0,1,-4.360772980999968,15.333964764801989,12.294061294520642
JkaDYyGpdPX,Kahemba,Kwango,other,0,0,-7.130542634999955,19.27454155478844,
JzBIOZSJfmJ,Mubumbano,Sud-Kivu,other,0,0,-2.49767,28.72288,
KJPFKwgcqyd,Bandundu,Kwilu,other,0,0,-3.5170959719999644,17.42986611210275,1674.135078384411
Kc3iE3HU6mA,Lolo,Mongala,other,0,0,1.49891,21.69213,
Kl436vOuc9s,Panzi,Kwango,other,0,0,-7.157063711999967,18.072286352585856,
KlQNBFiC8Cf,Lukula,Kongo Central,other,0,0,-5.424491701499932,12.869104565672243,2382.83124675832
Ko8qaFXjOIM,Katende,Kasaï Central,other,0,0,-5.940899999999999,22.26316,
Kth7MQGYcrE,Kilela Balanda,Haut-Katanga,other,0,0,-11.41820730699996,26.217230928475303,
Kts0Ppbd4En,Ntandembelo,Maindombe,other,0,0,-2.0762585749999403,17.00028947775887,
KxcxIF0z6y3,Kamana,Lomami,other,0,0,-5.852562347499969,25.409089589815792,
L08zgLln431,Lomela,Sankuru,other,0,0,-3.64746,24.16017,
L3vMLScAbZ6,Gombe,Kinshasa,kinshasa,0,1,-4.3094311554999365,15.29282549378932,12.566662767467005
LOm8B3vy1qR,Aketi,Bas-Uele,other,0,0,2.684045384500223,24.065890217980783,15707.280448655903
LREYTGTn3sk,Kanda Kanda,Lomami,other,0,0,,,
LSvg2jR0rEQ,Ngiri Ngiri,Kinshasa,kinshasa,0,1,-4.355493703499889,15.299128504889971,2.929504498694444
LhkH0lpHnU0,Kajiji,Kwango,other,0,0,,,
MMeukZwYdI1,Kunda,Maniema,other,0,0,-3.910157702865619,26.75812425837136,6491.943804271202
MMnBp2lllhf,Bolenge,Equateur,other,0,0,-0.2288178944999117,18.00461330388655,1074.564536074285
MOESL4KbKoV,Shabunda,Sud-Kivu,other,0,0,-2.904206086092155,27.293626470982066,4624.082591662204
MRRlnyr6MW6,Kasongo,Maniema,other,0,0,-4.417291666627023,26.756955060290373,3088.182479074152
MjmIRJaAC1H,Gombe Matadi,Kongo Central,other,0,0,-5.080721161999975,14.587933963792228,2986.265473526506
N3EOJsjCXzW,Karawa,Nord-Ubangi,other,0,0,3.56992,20.77608,
N3b4xbGIP6r,Malemba Nkulu,Haut-Lomami,other,0,0,-7.932433783999954,26.68279297429748,
NC2xavZLq2a,Aba,Haut-Uele,other,0,0,3.650260815919974,30.299868981088835,2494.99522884642
NMRFBOfk41A,Bikoro,Equateur,other,0,0,,,
NR5cDy2jhiJ,Kambove,Haut-Katanga,other,0,0,-10.84336459749997,26.700965677403435,2619.288880863551
NwNyAitXVsr,Kingabwa,Kinshasa,kinshasa,0,1,-4.359426107999951,15.355255532814844,10.835935271829507
OIhgsXcZf6x,Drodro,Ituri,other,0,0,1.7484347510000475,30.586912835820826,650.5518738450378
OKMskHnAdPh,Kibirizi,Nord-Kivu,other,0,0,-0.8682522914999709,29.182905589771003,1768.6834908724531
OWrtstWKEly,Kalehe,Sud-Kivu,other,0,0,-2.4806,28.79787,
OZYtwRFkc5Z,Mweso,Nord-Kivu,other,0,0,-1.1674999999999611,28.87839444446228,864.0512433162618
Otc087GDtkQ,Popokabaka,Kwango,other,0,0,-5.51368026749995,16.3859704413529,6665.396139769573
OyzUIt0IaeY,Baka,Haut-Lomami,other,0,0,-8.649849284499936,25.22041493268664,197.75317505184427
PDPn74NtJzs,Niangara,Haut-Uele,other,0,0,3.501806366000096,27.951868957579965,9334.524410219185
PDfWsEoWLcy,Mbanza Ngungu,Kongo Central,other,0,0,-5.254139275999961,14.786941096468006,449.5541103083672
PIT5UiywHIa,Inongo,Maindombe,other,0,0,-1.8772216439999736,18.51152778299868,15048.164373869786
PpY62UBIBEf,Busanga,Tshuapa,other,0,0,-0.9573285392416152,21.93775802635332,
PzrqwW6m5Wz,Wasolo,Nord-Ubangi,other,0,0,3.28695,20.6082,
Q22qlkhPQDO,Kikula,Haut-Katanga,other,0,0,-10.948068108499967,26.70024760624877,44.48697260242594
Q3HTytyiRyL,Mwenga,Sud-Kivu,other,0,0,-3.0775785444999717,28.55039005850219,
QA2FRWLQqWE,Kisanga,Haut-Katanga,other,0,0,-11.742372648499952,27.424156693382947,167.21500138477597
QAjDPUD5eCo,Adi,Ituri,other,0,0,3.484921792500135,30.66663411597621,1051.144203484523
QNFYEQrW7Dy,Zongo,Sud-Ubangi,other,0,0,3.26852,18.84122,
QU7amTjhWlQ,Ganga,Bas-Uele,other,0,0,2.9763028270000405,26.227029257826267,9884.415838742492
QmaankDWQSm,Kabalo,Tanganyika,other,0,0,-6.165862196999939,26.97706699479211,14781.02420866856
Qnxdx1xJkXt,Pinga,Nord-Kivu,other,0,0,-0.6087523529999146,28.52496404371133,7777.260480785649
QteKQ66ixqO,Mumbunda,Haut-Katanga,other,0,0,-11.645474570499944,27.40390931794932,136.27227184249122
Qx104OFTrS6,Kenge,Kwango,other,0,0,-4.717548677999957,17.26927467912555,5404.847073327934
QzpHCAKe31e,Biyela,Kinshasa,kinshasa,0,1,-4.44051478399993,15.403761883866366,22.504071795508487
R1E0VjRQ4SN,Nyantende,Sud-Kivu,other,0,0,-2.53932,28.74539,
RSaqeeEezZl,Karisimbi,Nord-Kivu,other,0,0,-1.6356802754999364,29.18231181026201,36.95508811200937
RjHZChl5gJQ,Mambasa,Ituri,other,0,0,1.4290391459577108,28.62314089055854,17161.771594646118
RowlA1nBHee,Wanierukula,Tshopo,other,0,0,0.0362896645004013,25.70887752566051,10590.357171717373
Rw3GsgKRHj5,Ototo,Sankuru,other,0,0,-3.790966477999945,23.31374323939524,
S0Ne5rWQhxw,Mutshatsha,Lualaba,other,0,0,-10.64221,25.35513,
S6nnhxGaPR3,Minga,Sankuru,other,0,0,,,
S7r6j8vvjBa,Kabinda,Lomami,other,0,0,-6.229636626499911,24.236564320600458,5581.841101175621
S8Vd8dUvIqT,Yaleko,Tshopo,other,0,0,-0.2190625424999268,24.528545806495565,9586.29903458724
SAt8yoeSMjD,Lukonga,Kasaï Central,other,0,0,-6.01067,22.3633,
SWIUdbyuNVh,Samba,Maniema,other,0,0,-4.668920458180908,26.569129259793733,
ShcGSNMpF7z,Binza Meteo,Kinshasa,kinshasa,0,1,-4.39828232849996,15.247530807245964,31.070490766786165
SkEKQLSulmp,Kambala,Ituri,other,0,0,2.313255370000064,30.54737129473464,1222.5229045805563
SpDmHrCCVal,Nyemba,Tanganyika,other,0,0,-5.4741382864999135,28.89357185234188,9010.476893357809
SqWL31RNyKx,Makala,Kinshasa,kinshasa,0,1,-4.382989281499931,15.309043422229504,5.18528154581203
SxrrguFFktT,Basoko,Tshopo,other,0,0,1.174587700500069,23.847649395320424,4343.85861160251
T0YXktZkPCF,Kamina,Haut-Lomami,other,0,0,-8.781619473999939,24.77572891270271,9633.066557677044
TCE5waEW7Fi,Nizi,Ituri,other,0,0,1.7491092545000129,30.29386589242562,199.3057404045668
TJpOhLF2cXo,Dikungu,Sankuru,other,0,0,-3.3836,24.1062,
TQ5nmMVD9uY,Kizu,Kongo Central,other,0,0,-5.002919641499943,12.986301843942158,432.5825923527492
Th9eFA4VSq6,Bunyakiri,Sud-Kivu,other,0,0,-2.37496,28.80644,
ThkZT6koPKj,Ubundu,Tshopo,other,0,0,-0.5076216774999409,25.106721464812317,11340.836493628349
TnjfqDbxtwP,Mutwanga,Nord-Kivu,uganda_border,1,0,0.2311365060000383,29.720871630047824,1814.196231564804
TpB2SUwsDbn,Katana,Sud-Kivu,other,0,0,-2.36102,28.56525,
TtaXlLIpy8b,Biena,Nord-Kivu,other,0,0,0.2338443975903819,28.988865922802677,1017.0337847622584
TuzDrpZ9zzl,Kasa Vubu,Kinshasa,kinshasa,0,1,-4.3429956399999154,15.301514595866134,3.3359924304307964
U6rNBblejC5,Tshikaji,Kasaï Central,other,0,0,-5.989921701499952,22.466299853462395,109.36928606940752
UXxD0fWI2yS,Vanga Kete,Sankuru,other,0,0,-3.66948,23.59347,
Uc3GqWS8C0w,Bambu,Ituri,other,0,0,1.8633970955000336,30.20627592724413,455.3381107122613
UkT2MUS83YY,Lulingu,Sud-Kivu,other,0,0,-2.40678,28.70896,
UrJlHRGZGGJ,Matete,Kinshasa,kinshasa,0,1,-4.390413894999966,15.351981087711758,4.746809090540036
Uyz1XxXNBKB,Boende,Tshuapa,other,0,0,-0.355006196241959,20.24039332839275,9133.378205718838
VGFWIr5Rx1D,Boko Kivulu,Kongo Central,other,0,0,-5.57346,14.87427,
VOwZTRAt0Ak,Yumbi,Maindombe,other,0,0,-2.158577171999923,16.538992409025315,1534.3584435409653
VYlgP4yyY7F,Masi Manimba,Kwilu,other,0,0,-4.93172771549996,17.795494680935178,
VnNdiJcF3rF,Monkoto,Tshuapa,other,0,0,-1.9621356681712143,21.1617113124376,
VooLsNf0dDB,Musienene,Nord-Kivu,other,0,0,0.0725136590002364,28.353275181121678,2975.1534788166173
Vue5tcMpaGh,Kasenga,Haut-Katanga,other,0,0,-10.702980082999972,28.28032270401866,
Vv9L3W7VMrX,Kisenso,Kinshasa,kinshasa,0,1,-4.41744631149993,15.341841098277644,15.501015758350318
W7IdWpJnPra,Mbulula,Tanganyika,other,0,0,-5.313293010499933,27.36253115600517,
WLVe6Xt7Xum,Nyiragongo,Nord-Kivu,uganda_border,1,0,-1.5418191864999358,29.240131762886836,402.98646257837913
WxBLTUjeyfB,Banalia,Tshopo,other,0,0,1.777160850500053,26.134536875755195,15429.092676146627
WziDY5wD1fX,Lusanga,Kwilu,other,0,0,-5.070944849499966,18.52903764171592,
X8zFJ7DJlRD,Gety,Ituri,uganda_border,1,0,1.253148786140514,30.189368117956285,1616.1867368364683
XFUHGajCqjY,Lemera,Sud-Kivu,other,0,0,-3.009874457999956,29.03154603097025,686.2549370668986
XXKTLp8q7wJ,Kimpese,Kongo Central,other,0,0,-5.435546087999938,14.355846060732782,3716.470823714209
XoJ3dLz68aj,Kalunguta,Nord-Kivu,other,0,0,0.3266166500000906,29.34622252068664,873.3641900018048
Xol9qIrf1Gi,Lisala,Mongala,other,0,0,1.6872,21.85598,
Y8Hlj8DpZHc,Kikwit Sud,Kwilu,other,0,0,-5.077188273999951,18.770813665447733,53.178604031698086
YFSLTwHFlOk,Ruashi,Haut-Katanga,other,0,0,-11.645126235999951,27.54726248741193,100.0772767994946
Yo6u0UIHrfc,Yamaluka,Mongala,other,0,0,1.56328,21.93361,
YpXUkTbtAPA,Mandima,Ituri,other,0,0,0.9848691425853816,29.17200687013976,1904.5145468869728
YrNj0gTvp4l,Pimu,Mongala,other,0,0,,,
YuGk2dXTvKj,Ferekeni,Maniema,other,0,0,,,
YyPtkSv7bB3,Kanzala,Kasaï,other,0,0,-6.563024645499951,20.84253713586781,492.6372159619457
Z3DMBdrM8Df,Kalamu 2,Kinshasa,kinshasa,0,1,-4.357128545208012,15.318653730666902,2.112289701288629
Z3lr3MOHNLH,Dekese,Kasaï,other,0,0,-3.22773920399996,21.413567116847585,26560.58511743229
Z5I1TvCKVcG,Dibindi,Kasaï Oriental,other,0,0,-6.36574,23.48602,
ZEGVJVjXJJW,Doruma,Haut-Uele,other,0,0,2.94336,27.74307,
ZHIrX4z487c,Makiso Kisangani,Tshopo,other,0,0,0.45755,25.29635,
ZHRREbCOGwG,Kailo,Maniema,other,0,0,-2.55446681679004,25.750323592463644,21219.106872145538
ZLgC2OOesbS,Kayna,Nord-Kivu,other,0,0,-0.6449196039999663,29.133023685927405,1194.5310981651185
ZMH0kkBQFs9,Kipushi,Haut-Katanga,other,0,0,-11.757909549999964,27.299322205414,2490.286896591865
ZTt8HbFGrY4,Kingasani,Kinshasa,kinshasa,0,1,-4.410570160499958,15.404068295638472,4.583111999936454
Zbg4fiy6f3t,Muanda,Kongo Central,other,0,0,-5.787843953499959,12.41974455257953,1250.1330798741544
ZwpyTsxIyb3,Itombwe,Sud-Kivu,other,0,0,-3.6084880829999406,28.5945194273599,3312.2219741265403
ZxQY9szHMx5,Pawa,Haut-Uele,other,0,0,2.336214680000097,27.5370451072996,1804.34609386174
ZxyZ7L3ynso,Bonzola,Kasaï Oriental,other,0,0,-6.141052599999966,23.58906269505001,28.60301066736169
a0M4XJunan2,Binga,Mongala,other,0,0,2.135990005500048,20.43132779233948,4668.87435627522
a2aJcbwnjoK,Rimba,Ituri,other,0,0,2.2214134000000456,30.706000954123333,342.4900038731102
a2dADiJAGrT,Kaziba,Sud-Kivu,other,0,0,-2.66343,28.64888,
aOghManYK5E,Bagira,Sud-Kivu,other,0,0,-2.4986082194999426,28.81834673660265,25.831741729818727
aPONdpnYXAn,Saramabila,Maniema,other,0,0,-4.154499774195159,27.50415344851599,4444.588392452198
adxBRCwSlWc,Moba,Tanganyika,other,0,0,-7.699321551499935,29.915847356067864,11249.690578626823
amGiV9h9C2I,Kyondo,Nord-Kivu,other,0,0,0.0132661619471709,29.50420270117476,897.0871071794048
amSVlGShY91,Nzaba,Kasaï Oriental,other,0,0,-6.13947,23.54429,
bAFJ18IAf2S,Kapolowe,Haut-Katanga,other,0,0,-11.049097762499969,27.06752758121807,
bBTWb8cD9Z3,Kimpangu,Kongo Central,other,0,0,-5.707783053999947,14.933563202127903,1479.0106170696884
bV04pTUIL8A,Kangu,Kongo Central,other,0,0,-5.25223448099996,12.792497790654396,
bfFprcRp0YO,Kadutu,Sud-Kivu,other,0,0,-2.505461095499953,28.84567518095083,11.509697754653857
bzo7dCPSXS2,Itebero,Nord-Kivu,other,0,0,-1.7132246024999631,28.10298042874261,5779.7268526432445
cXkCT53xxfk,Miti Murhesa,Sud-Kivu,other,0,0,-2.39067,28.72098,
cgc7FkCPcKb,Songa,Haut-Lomami,other,0,0,-7.866903335499956,25.13301078783195,
csMZZqDFCvW,Mikalayi,Kasaï Central,other,0,0,-5.9331,22.35988,
cw1CZyDiPyA,Bunkeya,Lualaba,other,0,0,-10.57789,25.38231,
cycttnJlR4L,Kimbanseke,Kinshasa,kinshasa,0,1,-4.440712184499972,15.370706507127895,21.51247216354189
d9la4YKNnto,Luebo,Kasaï,other,0,0,-5.597893957499963,21.596821190650743,5555.261544796727
dazaa6QjHa1,Tembo,Kwango,other,0,0,,,
dihBljVQG6z,Ankoro,Tanganyika,other,0,0,-6.970811581999953,26.636876265245377,
dj29qACRqOf,Kansimba,Tanganyika,other,0,0,-7.244038837685165,29.04946891543545,13792.47682619503
djWn21U4AVy,Boma,Kongo Central,other,0,0,-5.814469227499956,13.051532065003762,139.0621413018032
dseqqnd0Nuw,Bomongo,Equateur,other,0,0,1.4013440230001493,18.30956942362841,10750.539122201211
dtBcztLoZpn,Isangi,Tshopo,other,0,0,0.8169123210001601,24.280503824796373,3101.179742645565
dw1XnGf2aaU,Mweka,Kasaï,other,0,0,-5.069853575999957,21.41097765792555,3134.4613562007667
dw6cxRCsTBH,Wembo Nyama,Sankuru,other,0,0,-3.4764,23.88441,
dwBRSfVBpk6,Katoka,Kasaï Central,other,0,0,-5.85517,22.23969,
dxiEfVDsieA,Bengamisa,Tshopo,other,0,0,0.53865,24.98765,
e3onjTOWxjS,Mobayi Mbongo,Nord-Ubangi,other,0,0,4.16043403300003,21.515427466841235,
e6Wpbl5nqcD,Bulungu,Kwilu,other,0,0,-4.599696200999944,18.90075242057328,3476.4788998306185
eIpu2GCPTIP,Kasongo Lunda,Kwango,other,0,0,-6.49742411449995,16.966595118551425,4200.77595737196
eWGgthNBOZ8,Fungurume,Lualaba,other,0,0,-10.61676,25.39089,
ebKZ38Ejpb5,Bondo,Bas-Uele,other,0,0,4.171250153000244,23.500869959273565,8818.768385679983
etpyShZCZEs,Luiza,Kasaï Central,other,0,0,-5.98284,22.4314,
euP5fSU9vky,Kalole,Sud-Kivu,other,0,0,-2.76182,28.70743,
f1b3q0aLFzW,Diulu,Kasaï Oriental,other,0,0,-6.098329749999948,23.60161268427461,8.857838685922292
fJD7wOwwi4M,Lodja,Sankuru,other,0,0,-3.33369,23.99751,
fM8IqjhdeyL,Ariwara,Ituri,uganda_border,1,0,3.1940884310532445,30.693184448654044,706.6135704050383
fQLRnttyYlx,Likasi,Haut-Katanga,other,0,0,-10.971582783999937,26.75781807925225,44.52005516815938
fWrUdkX9JEv,Seke Banza,Kongo Central,other,0,0,-5.239054418499933,13.298376735012273,2056.445105198506
fdlN13eHB5u,Pweto,Haut-Katanga,other,0,0,-8.136377741999892,29.060614292615035,9712.526157024156
fjTwDPXTHPR,Tshumbe,Sankuru,other,0,0,-3.60342,24.16827,
foR0DRLqtdJ,Butembo,Nord-Kivu,other,0,0,0.1465342500003714,29.251277502423125,71.53046495520373
g0UqlSRyINa,Mutena,Kasaï,other,0,0,-4.7852,21.03948,
g9sayFS8d1p,Ilebo,Kasaï,other,0,0,-4.327775201999959,20.683598338633452,748.2804349820145
gMhYDNcoZSe,Mont Ngafula 2,Kinshasa,kinshasa,0,1,-4.422988238499869,15.198924789457948,100.29978408769377
gYjfhzYH5ra,Luputa,Lomami,other,0,0,-7.57128266599993,23.784416141912253,3601.282576637791
glucPFMOELN,Bukama,Haut-Lomami,other,0,0,-9.288800672499946,25.80497404466866,
goYHUDWT3jn,Lubudi,Lualaba,other,0,0,-10.81195,25.17885,
gyRgzU4sTgY,Nyarambe,Ituri,uganda_border,1,0,2.1891624490000368,31.158615440186438,450.7421601271013
h1dItcsoHRw,Gombari,Haut-Uele,other,0,0,2.8324490322969806,29.00307488517417,10377.202355803032
hH0vfyk0M5B,Lukolela,Equateur,other,0,0,-1.431958850999905,17.115636363886683,
hL8oJfWHx3g,Masina 2,Kinshasa,kinshasa,0,1,-4.3854291429999535,15.401150482666292,6.996418667262332
hM2ZsK1vEox,Lingomo,Tshuapa,other,0,0,1.1382075974751729,22.24291197365228,8044.096961350913
hWMdKGgsAIz,Rethy,Ituri,uganda_border,1,0,2.067584626979319,30.72172294331961,625.0082399772857
hdDyVXgN46J,Mulongo,Haut-Lomami,other,0,0,-7.8405584354999345,27.310851488252883,4199.748888191762
hi9gSpIVzai,Masuika,Kasaï Central,other,0,0,,,
hlvN8zeyDZz,Bwamanda,Sud-Ubangi,other,0,0,3.3901029155000515,19.373619662148627,2789.148317688513
hniXpSX7Zrq,Tshela,Kongo Central,other,0,0,-4.883073604999936,12.858995778335496,
i2mtQy4nTmD,Komanda,Ituri,other,0,0,1.1261791000000585,29.62557262065517,3158.13168226165
iPD8STDLALc,Kalonge,Sud-Kivu,other,0,0,-2.64308,28.52495,
iQA2NO6cMnJ,Rwanguba,Nord-Kivu,uganda_border,1,0,-1.25,29.57,
ie0dbeVpvnB,Pangi,Maniema,other,0,0,,,
iqV2dwy0B1b,Poko,Bas-Uele,other,0,0,3.56372,24.42896,
is2bUIOxBUG,Kibua,Nord-Kivu,other,0,0,-1.250416666499973,28.58253032614045,2798.806331272885
izt3XGlBrmK,Bokonzi,Sud-Ubangi,other,0,0,2.90359,18.928,
j6OryFADgoN,Kamwesha,Kasaï,other,0,0,,,
j89PZlq83OT,Nioki,Maindombe,other,0,0,-2.846069583999963,17.717401836383107,
jCOBMIbRlMV,Kalonda Ouest,Kasaï,other,0,0,,,
jFTjaBOa844,Monga,Bas-Uele,other,0,0,4.341442192000084,23.31389244560838,7712.893929477937
jOxDAa0HM4a,Ibanda,Sud-Kivu,other,0,0,-2.52162691999996,28.857943221170768,19.204417294042987
jSLnBqCXCzW,Ipamu,Kwilu,other,0,0,-4.32553266599993,19.722295357643297,
jaNYqjAceGA,Bafwagbogbo,Tshopo,other,0,0,1.3853824155003736,26.017743140135025,10536.93105631551
jkonpGckbPg,Ruzizi,Sud-Kivu,other,0,0,-3.1314801699999464,29.178079721143583,535.1653552029793
jm3dqXXoblR,Bosondjo,Mongala,other,0,0,1.56243,21.83212,
joxrJQ6anPt,Viadana,Bas-Uele,other,0,0,3.19596,24.49412,
kH7KijWY3eF,Kalemie,Tanganyika,other,0,0,-6.349103156999973,28.871279674671925,9412.618786621751
kQCMPbHKQ93,Masereka,Nord-Kivu,other,0,0,-0.1092755664999742,29.327512197678764,345.85656703675176
kWcBPRsa7lA,Kabongo,Haut-Lomami,other,0,0,-7.388422484999978,25.51873041903118,9477.11758746566
kiFDojGFG3x,Kasaji,Lualaba,other,0,0,,,
kwvvScW5Xgj,Dilolo,Lualaba,other,0,0,,,
kyBo3gA8qoh,Police,Kinshasa,kinshasa,0,1,-4.402012737499945,15.432229956602242,1.8281472248808304
kye1r2XW3YV,Dibaya,Kasaï Central,other,0,0,,,
lDx3qiOSC3F,Djalo Ndjeka,Sankuru,other,0,0,-3.59162,23.7541,
lF2aCHDydzn,Kimbi Lulenge,Sud-Kivu,other,0,0,-4.413969708988562,28.593829140482825,3826.217845726828
lIWxyiAegfN,Gbadolite,Nord-Ubangi,other,0,0,3.62328,20.5741,
lRLzCt3aMHM,Luambo,Kasaï Central,other,0,0,-7.46356789449996,22.079755437038767,
lW6NlTXqGcv,Isiro,Haut-Uele,other,0,0,2.398158594500046,27.318090299264888,4365.84207812405
lW6uPgrLYfi,Bolomba,Equateur,other,0,0,0.4330015245001561,19.120200772475343,11873.026639590424
lXfXl6ZJQWI,Kaniola,Sud-Kivu,other,0,0,,,
lbUq2j3aRYh,Kindu,Maniema,other,0,0,-2.9686197496516518,25.911544044850647,167.83381032055598
m0D9iUAjJ1G,Nsele,Kinshasa,kinshasa,0,1,-4.386835774499957,15.562919773971633,973.1696350777332
m2DHxGhogWK,Kananga,Kasaï Central,other,0,0,,,
m5B0okd0KaZ,Binza Ozone,Kinshasa,kinshasa,0,1,-4.349731031499914,15.224841398806896,40.8980016154024
mGTaa8TFifO,Nyankunde,Ituri,outbreak,0,0,1.4866449679154434,29.933917392135683,840.0851091292052
mS2mByLHkzL,Watsa,Haut-Uele,other,0,0,2.7611701600000917,29.56319293566064,5045.651015875493
mSQE0BqfXOy,Dilala,Lualaba,other,0,0,-10.56595,25.31263,
msg2MyMGhKv,Beni,Nord-Kivu,uganda_border,1,0,0.493171248666955,29.51358389763662,620.2438444783323
mx8PkwuIR5x,Uvira,Sud-Kivu,other,0,0,-2.65172,28.81947,
n0NjjahdTLk,Nsona Mpangu,Kongo Central,other,0,0,-5.558333333499974,13.883555840532246,4611.756396813861
n1N4M95juaC,Laybo,Ituri,other,0,0,3.3788149590000955,30.46110998200705,1467.3855168282514
n1r14Rh3NvB,Kitutu,Sud-Kivu,other,0,0,-3.4487355114999616,27.80713392536772,2700.2252138716653
nNFVLFmkaAz,Lukafu,Haut-Katanga,other,0,0,-10.624416716999946,27.51113048680688,10902.880034073096
nXXpnAQ8M3v,Makanza,Equateur,other,0,0,1.5120840707777683,18.961057929279608,5265.3340636618495
nXYw6kLqc0y,Rutshuru,Nord-Kivu,uganda_border,1,0,-1.2587695379999388,29.399990348827004,864.0690803763314
nbSOIch7Mbc,Selembao,Kinshasa,kinshasa,0,1,-4.397116271499954,15.28482353162842,20.16882749952434
ncFyk9qnjro,Kabambare,Maniema,other,0,0,-4.623685341904945,27.99561533420968,11067.32374333937
nfYQfVxJRyJ,Mwana,Sud-Kivu,other,0,0,-2.47724,28.45423,
nhdQUgOeBQU,Katuba,Haut-Katanga,other,0,0,-11.71013521049997,27.468105339689128,6.962988527665826
nq4LAyXUm8a,Maluku 2,Kinshasa,kinshasa,0,1,-4.519272004499953,16.1682794793399,5252.8295213254205
nv8tx681Gjd,Mongbwalu,Ituri,outbreak,0,0,2.120204140000084,29.46395014319073,5886.294610964769
oNybyvjU5ZT,Minova,Sud-Kivu,other,0,0,-2.57182,28.57143,
oTtGHeQSotN,Lubero,Nord-Kivu,other,0,0,-0.2711820729999488,29.33747324393605,1013.9639479178146
oU2G5jtXxFx,Manono,Tanganyika,other,0,0,-7.196190159999919,27.29374761965713,
oeP2sQLMCuy,Kintambo,Kinshasa,kinshasa,0,1,-4.340720039499928,15.26429380213548,3.847569364885606
pBzecjfopeA,Mampoko,Equateur,other,0,0,0.11636,17.94816,
pCawLGK8jaD,Kiambi,Tanganyika,other,0,0,-6.56872,29.27318,
pFhuqRaXTSO,Matadi,Kongo Central,other,0,0,-5.839593884999914,13.441149401582214,104.42137987448044
pLBZiohnxFC,Bafwasende,Tshopo,other,0,0,0.5883184495002638,26.679613954245525,20596.354364406277
pWBu6qPNvdv,Nundu,Sud-Kivu,other,0,0,-3.7562046049999367,28.935495038626627,1236.3467653677897
pZobW0wXW6e,Kisantu,Kongo Central,other,0,0,-5.1239402609999445,15.155396176892072,1369.9421526860715
pggZxV6O3iF,Buta,Bas-Uele,other,0,0,2.8350074602528936,25.201793052528068,10346.459138773638
poOqTlUDT0A,Sia,Kwilu,other,0,0,-3.7679389874999742,18.58520387653367,
pzMw9DUQ6An,Bibanga,Kasaï Oriental,other,0,0,,,
qa1TBnjJilP,Binza,Nord-Kivu,uganda_border,1,0,-0.7548501464999617,29.527299101090392,1230.3025481587786
qbe5m6fVfMT,Lingwala,Kinshasa,kinshasa,0,1,-4.327722247499935,15.299742947273511,2.713256286783765
qdhfi48INZJ,Kapanga,Lualaba,other,0,0,-10.49809,25.59297,
qqGoQGSp1Dw,Logo,Ituri,uganda_border,1,0,2.155727226000039,30.877556277526388,294.41589544949727
quf7vedArhs,Yahuma,Tshopo,other,0,0,0.6522173410002665,23.061466387181326,21598.382551167266
qwBasnNFRFW,Boma Mangbetu,Haut-Uele,other,0,0,2.2351428900001054,27.79291728128205,1369.1570429800015
rDRhOPd3q1u,Kongolo,Tanganyika,other,0,0,-5.39520463899995,26.395292684512867,8883.11527163199
rK2ODHilbAP,Ndjili,Kinshasa,kinshasa,0,1,-4.408223944999946,15.372842090817349,9.261487259764008
rLPkZegjzaS,Ango,Bas-Uele,other,0,0,3.26253,24.62157,
rLadlFjzCh7,Boga,Ituri,uganda_border,1,0,0.9822493237397868,30.003461492917516,1130.0511866259444
rWbNwJffOMY,Boso Mondanda,Mongala,other,0,0,1.8328,21.74242,
rYWmyhhl1LP,Mitwaba,Haut-Katanga,other,0,0,-8.642811370499913,27.320559647903004,
reOlSi4YUvZ,Bambo,Nord-Kivu,other,0,0,-1.2220086039999671,29.23937142653164,649.2604706985538
rhj4btTd3i0,Tchomia,Ituri,uganda_border,1,0,1.5216207475000374,30.468986199294,419.5719035035204
riGgtQ9beB5,Idiofa,Kwilu,other,0,0,-5.153002274499954,19.469541173513065,4874.8913808241705
rmoJzmAeUZq,Lusangi,Maniema,other,0,0,-4.667705370456417,27.127449567719484,3481.745308150377
roraCGWMUQ0,Fizi,Sud-Kivu,other,0,0,-4.478463213499936,29.055004164431928,4630.597370759218
rsaI3zncNG9,Tshikapa,Kasaï,other,0,0,-6.574751865499934,20.617799127845583,2000.9322880348911
rv3KA7DrJCO,Kamituga,Sud-Kivu,other,0,0,-3.176614892999936,28.1499271826714,2225.5607278845278
sJNFC3s1djp,Mondombe,Tshuapa,other,0,0,,,
sZ2goXLKmQX,Bumbu,Kinshasa,kinshasa,0,1,-4.3725389879999454,15.297995115711036,4.504025845650116
sai4xbqW0CL,Nyangezi,Sud-Kivu,other,0,0,-2.54212,28.55811,
sbyWSsdZ3tj,Kilo,Ituri,other,0,0,1.7598275375000298,30.080701985660504,341.11724267369505
seNn0NUsKYn,Mahagi,Ituri,uganda_border,1,0,2.3021508495800296,30.865062342480392,561.2479815218794
svtAZQ9nVl0,Mabalako,Nord-Kivu,other,0,0,0.5045215710000548,29.19392959948652,1018.3727412548908
sxo8WzGfbXk,Tshilenge,Kasaï Oriental,other,0,0,,,
t8tjGKVhkl3,Goma,Nord-Kivu,uganda_border,1,0,-1.6528676989999551,29.17826328304752,29.697844618446503
tCLXgZBBLQ0,Lemba,Kinshasa,kinshasa,0,1,-4.406973370499918,15.3142205514112,14.252765915478436
tJmFpEp4TCb,Mulungu,Sud-Kivu,other,0,0,-2.65464,28.57559,
tUhIQ4MVPVI,Boko,Kwango,other,0,0,-4.988638250499946,16.76943767969091,
tWlaqwSUheI,Nia Nia,Ituri,other,0,0,1.2427385998752245,28.05788124606277,7401.277411196665
tkbMhp2kIT2,Maluku 1,Kinshasa,kinshasa,0,1,-4.480221368499912,15.75368178116416,3476.2513466878268
uCYafBxBtO8,Bulu,Sud-Ubangi,other,0,0,2.92568,18.90608,
ubl3NORPhsC,Mont Ngafula 1,Kinshasa,kinshasa,0,1,-4.521928407999923,15.299416425126951,360.6531801382521
ucEXrvC3lau,Lukelenge,Kasaï Oriental,other,0,0,-6.116289312999953,23.64594216287762,18.32081122905296
uocpzPZHiEo,Kamalondo,Haut-Katanga,other,0,0,-11.685536002999951,27.4836619434137,1.3414721027406584
uw3SOxNTDP4,Barumbu,Kinshasa,kinshasa,0,1,-4.317057999999889,15.32463865676101,3.897953694365916
uz41FkMd6Gb,Nyunzu,Tanganyika,other,0,0,-5.841091249499954,27.62166261583869,16496.66721644992
v8PqffapuVl,Aru,Ituri,uganda_border,1,0,2.859042986322321,30.833681049566664,865.6603775165399
vFJcnSDGQS0,Kamango,Nord-Kivu,uganda_border,1,0,0.6683953290001909,29.841217011554303,662.8350961841751
vPxN2nZnBXK,Rwampara,Ituri,outbreak,0,0,1.5710652340000308,30.08327315923981,703.0557456013512
vvrhCzWzc0J,Ngaba,Kinshasa,kinshasa,0,1,-4.382201399999954,15.32283915931616,2.843351664130007
vyzwR6KnN2M,Miabi,Kasaï Oriental,other,0,0,,,
w1BnPOcmluI,Alunguli,Maniema,other,0,0,-3.020675446414657,26.024483017627052,195.761798352751
w70GpRgNj01,Boso Manzi,Mongala,other,0,0,2.8513175850001176,21.2257309810144,5758.920712245052
wOWB7WbNuSN,Mangobo,Tshopo,other,0,0,0.5399329588970425,25.15236555521503,14.49974885293332
wTaqhPcijDM,Kikimi,Kinshasa,kinshasa,0,1,-4.438198692499924,15.431775597337694,15.961908667807286
woJBeEpIZdy,Katwa,Nord-Kivu,other,0,0,0.1198993135112445,29.32416416638681,85.25127828457865
wq3tWiKJkNr,Ndesha,Kasaï Central,other,0,0,-5.667599999999999,22.37908,
wqWNVs3uxpv,Likati,Bas-Uele,other,0,0,3.375045003580473,23.653283839007305,12114.34791216269
x0EmG1LRyjy,Makota,Lomami,other,0,0,-7.02386694249995,23.440917423829568,
x4xQfjclCTo,Walungu,Sud-Kivu,other,0,0,-2.44535,28.43179,
x6qA2FLnw1e,Lusambo,Sankuru,other,0,0,-3.70902,23.91255,
xGWcGHazqtw,Lita,Ituri,other,0,0,1.588332974500048,30.38710948970807,476.16225230864165
xIs8yXFjb9Y,Walikale,Nord-Kivu,other,0,0,-1.2930854338332458,27.47603597601437,5987.649696288123
xMdqjEKgZLw,Manika,Lualaba,other,0,0,-10.55319,25.59871,
xS36Jly2x2T,Kirotshe,Nord-Kivu,other,0,0,-1.5205243599999392,29.013674585815195,1050.0205462481397
xZy8t34pvs6,Kinshasa,Kinshasa,kinshasa,0,1,-4.324893499999909,15.311940108713866,3.0900745984169533
xp3Y1OXHZLj,Lolwa,Ituri,other,0,0,1.4666692450000482,29.46470993607435,4727.301693998617
xx5xiY5vVBa,Bipemba,Kasaï Oriental,other,0,0,-6.095123199999932,23.57992566256435,11.456829648088243
y08g1DjhBXu,Kampene,Maniema,other,0,0,-3.485833333341617,26.6095498047581,5858.268962894312
y1bSl3YWtJm,Kakenge,Kasaï,other,0,0,-4.643683189499939,22.029057593848187,3352.550871083234
yAdgorGUtcE,Kanzenze,Lualaba,other,0,0,-10.37131,25.35045,
yKlg7zZ2xlH,Angumu,Ituri,uganda_border,1,0,2.019737396000039,31.023202574136576,268.9478215094631
yNXb6VSdyPw,Makoro,Haut-Uele,other,0,0,2.82092808257795,30.08542182544124,4635.863955563603
yS0pmMtanuT,Biringi,Ituri,other,0,0,2.6950359880001145,30.38450803632952,2424.492100714087
yb4Q3Xo1EUo,Massa,Kongo Central,other,0,0,-4.61365425449992,15.52019267399993,1466.6390283363712
yft32K4WOYZ,Mweneditu,Lomami,other,0,0,-6.921692501499962,23.370458824687,532.651593273077
zMfBT8xVQeH,Kampemba,Haut-Katanga,other,0,0,-11.699052153499936,27.521038796796383,43.42576449665708
zOOAshOz4Cz,Oicha,Nord-Kivu,uganda_border,1,0,0.7639879778753311,29.54704482375912,1351.9788989985202
zqUe1DuDMxH,Kabare,Sud-Kivu,other,0,0,-2.37141,28.79928,
