zone_id,zone_name,province,rwi_mean,rwi_median,rwi_min,rwi_max,rwi_p25,rwi_p75,rwi_error_mean,n_rwi_points,area_km2,lat,lon,rwi_original_median,rwi_percentile,rwi_quintile
LOm8B3vy1qR,Aketi,Bas-Uele,-0.5501828571428571,-0.566,-1.284,0.507,-0.694,-0.4355,0.3799885714285714,175,15707.28045,2.687121964515077,23.802613068932096,-0.566,9.245742092457421,Q1 lowest relative wealth
,Ango,Bas-Uele,-0.5314630872483221,-0.562,-1.06,0.229,-0.681,-0.417,0.3772818791946309,149,34314.69863,4.471799137061423,26.072628419673254,-0.562,10.218978102189782,Q1 lowest relative wealth
,Bili,Bas-Uele,-0.6022336448598131,-0.577,-1.555,-0.238,-0.703,-0.4655,0.372196261682243,107,21110.30468,4.196390179234513,24.64231353162212,-0.577,7.0559610705596105,Q1 lowest relative wealth
ebKZ38Ejpb5,Bondo,Bas-Uele,-0.5613154761904762,-0.5645,-1.338,0.597,-0.735,-0.39525,0.3713273809523809,168,8818.76839,4.090313461359931,23.733561075144767,-0.5645,9.48905109489051,Q1 lowest relative wealth
pggZxV6O3iF,Buta,Bas-Uele,-0.5232878787878789,-0.5345,-1.325,0.724,-0.6597500000000001,-0.387,0.3827020202020202,198,10346.45914,2.72573991970671,25.012452875506483,-0.5345,13.86861313868613,Q1 lowest relative wealth
QU7amTjhWlQ,Ganga,Bas-Uele,-0.6340857142857144,-0.6335,-1.529,0.218,-0.76025,-0.488,0.3833714285714286,280,9884.41584,3.0929173009143858,25.973004414823897,-0.6335,1.2165450121654502,Q1 lowest relative wealth
wqWNVs3uxpv,Likati,Bas-Uele,-0.6180193548387097,-0.614,-1.441,0.088,-0.7535000000000001,-0.457,0.3788193548387096,155,12114.34791,3.3502891496481886,23.716431603280764,-0.614,2.9197080291970803,Q1 lowest relative wealth
jFTjaBOa844,Monga,Bas-Uele,-0.5416777777777777,-0.5640000000000001,-1.134,0.099,-0.683,-0.402,0.3763111111111111,90,7712.89393,4.308239187558055,23.028133761300587,-0.5640000000000001,9.732360097323602,Q1 lowest relative wealth
EgtXyZdGsLP,Titule,Bas-Uele,-0.6523222222222222,-0.642,-1.315,-0.058,-0.80725,-0.45725,0.3767111111111111,90,6676.51668,2.9644408177692587,25.484679973137776,-0.642,0.7299270072992701,Q1 lowest relative wealth
,Viadana,Bas-Uele,-0.5930539215686275,-0.5685,-1.366,0.511,-0.7515000000000001,-0.42,0.3934509803921568,204,3657.49792,3.055645815563022,27.34864153126105,-0.5685,8.75912408759124,Q1 lowest relative wealth
,Basankusu,Equateur,-0.568232,-0.571,-1.214,0.179,-0.7164999999999999,-0.41925,0.3666999999999999,250,11518.13192,0.9281184499283226,19.87189645027623,-0.571,8.27250608272506,Q1 lowest relative wealth
,Bikoro,Equateur,-0.4830443037974683,-0.4705,-1.345,0.16,-0.6445000000000001,-0.29525,0.374993670886076,158,4691.97058,-0.4659836463873681,18.231392138909957,-0.4705,24.574209245742093,Q2
MMnBp2lllhf,Bolenge,Equateur,-0.5053333333333333,-0.5,-1.29,0.403,-0.692,-0.3369999999999999,0.3797460317460317,63,1074.56454,-0.195910899872796,18.059529051683477,-0.5,18.734793187347933,Q1 lowest relative wealth
lW6uPgrLYfi,Bolomba,Equateur,-0.697789603960396,-0.688,-1.539,0.241,-0.873,-0.5465,0.3698836633663366,404,11873.02664,0.3502226683822969,19.09099543843012,-0.688,0.24330900243309003,Q1 lowest relative wealth
dseqqnd0Nuw,Bomongo,Equateur,-0.5968412698412698,-0.555,-1.614,0.028,-0.73025,-0.4425,0.3770476190476191,126,10750.53912,1.497656998429208,18.439234394751832,-0.555,10.948905109489052,Q1 lowest relative wealth
,Iboko,Equateur,-0.5634014598540146,-0.572,-1.193,0.139,-0.727,-0.377,0.3722408759124087,137,2897.99062,-0.9810190219224452,18.54677118476036,-0.572,7.785888077858881,Q1 lowest relative wealth
ER2ozdS2Ysm,Ingende,Equateur,-0.5533453608247423,-0.55,-1.424,0.26,-0.70175,-0.4155,0.3653350515463917,194,4924.01964,-0.4458907068096685,18.82946577622409,-0.55,11.435523114355231,Q1 lowest relative wealth
p40o8g3kdQL,Irebu,Equateur,-0.4434642857142857,-0.4665,-1.024,0.11,-0.6125,-0.25975,0.3719285714285714,56,1513.63504,-0.7438975162090375,17.66369206072642,-0.4665,25.547445255474454,Q2
,LOTUMBE,Equateur,-0.6115343915343915,-0.62,-1.22,0.253,-0.752,-0.469,0.3622804232804233,189,11174.50657,-0.6881042264119485,19.633379449920067,-0.62,1.9464720194647203,Q1 lowest relative wealth
,Lilanga,Equateur,-0.5229482758620689,-0.5395000000000001,-1.04,-0.009,-0.66325,-0.39025,0.3719137931034483,58,4429.55623,0.1781704866308052,17.977594691611046,-0.5395000000000001,12.895377128953772,Q1 lowest relative wealth
,Lolanga Mampoko,Equateur,-0.6384308510638298,-0.624,-1.312,0.154,-0.8015000000000001,-0.489,0.373436170212766,188,7117.33747,0.8646784109676023,18.713306672280577,-0.624,1.4598540145985401,Q1 lowest relative wealth
hH0vfyk0M5B,Lukolela,Equateur,-0.5300833333333334,-0.5055000000000001,-1.582,0.136,-0.706,-0.3585,0.376074074074074,108,7305.9486,-1.4305539739358504,17.110544697963174,-0.5055000000000001,18.004866180048662,Q1 lowest relative wealth
nXXpnAQ8M3v,Makanza,Equateur,-0.5691233766233766,-0.578,-1.384,0.629,-0.74425,-0.4185,0.3731298701298701,154,5265.33406,1.5455740141089298,19.06963486289601,-0.578,6.81265206812652,Q1 lowest relative wealth
DmRUZqBRNzB,Mbandaka,Equateur,-0.4198676470588235,-0.4325,-1.225,1.253,-0.767,-0.208,0.3914705882352941,68,1140.49645,0.219984858745741,18.391543467419535,-0.4325,36.25304136253041,Q2
,Monieka,Equateur,-0.617312,-0.604,-1.407,-0.052,-0.761,-0.445,0.36368,125,6813.96138,0.0614892583199465,19.993293214512686,-0.604,3.40632603406326,Q1 lowest relative wealth
,Ntondo,Equateur,-0.4799,-0.4325,-1.365,0.1,-0.63275,-0.291,0.3754666666666666,90,4239.0062,-1.0759837562467558,17.91199729539569,-0.4325,36.25304136253041,Q2
J0LvPM9HPVN,Wangata,Equateur,0.2856666666666667,0.254,-0.376,1.189,-0.2035,0.62525,0.4266666666666667,6,64.28908,0.0543645489238901,18.23065124190952,0.254,87.8345498783455,Q5 highest relative wealth
GpdRlogsSiE,Kafubu,Haut-Katanga,-0.3797740740740741,-0.415,-1.235,0.691,-0.53925,-0.24425,0.3763888888888889,270,7491.55032,-11.595497357149528,28.03522742472046,-0.415,43.30900243309003,Q3
NR5cDy2jhiJ,Kambove,Haut-Katanga,-0.2933930348258706,-0.331,-0.963,1.201,-0.481,-0.17,0.3855422885572139,201,2619.28888,-10.775363107674512,26.650975334776767,-0.331,67.2749391727494,Q4
zMfBT8xVQeH,Kampemba,Haut-Katanga,1.126625,1.1915,0.439,1.441,1.01275,1.37075,0.480375,8,43.42576,-11.689931478497986,27.521888860002303,1.1915,93.18734793187348,Q5 highest relative wealth
bAFJ18IAf2S,Kapolowe,Haut-Katanga,-0.3397118644067796,-0.356,-1.161,1.118,-0.503,-0.19375,0.3814435028248588,354,5515.25378,-11.074522748106853,27.06789453248506,-0.356,62.04379562043796,Q4
Vue5tcMpaGh,Kasenga,Haut-Katanga,-0.4330843373493975,-0.452,-1.169,0.684,-0.5832499999999999,-0.321,0.3707771084337349,166,8178.4085,-10.5989299380726,28.268465500617776,-0.452,29.56204379562044,Q2
OcTqzK4K1RV,Kashobwe,Haut-Katanga,-0.442,-0.482,-1.239,0.281,-0.6134999999999999,-0.3045,0.3809618320610687,131,5014.38855,-9.883831453202848,28.23921600217048,-0.482,22.74939172749392,Q2
nhdQUgOeBQU,Katuba,Haut-Katanga,1.3335,1.3335,1.042,1.625,1.18775,1.47925,0.4685,2,6.96299,-11.713967936680202,27.46551265080004,1.3335,94.64720194647201,Q5 highest relative wealth
IOin37HS2Wz,Kenya,Haut-Katanga,0.292,0.02,-0.554,1.625,-0.2315,0.7535000000000001,0.3995,14,80.06461,-11.764400742825448,27.523061494275183,0.02,85.88807785888078,Q5 highest relative wealth
Q22qlkhPQDO,Kikula,Haut-Katanga,0.6013333333333334,0.427,-0.3,1.425,0.243,1.19225,0.4355,6,44.48697,-10.952591080967222,26.70357070905593,0.427,88.80778588807786,Q5 highest relative wealth
Kth7MQGYcrE,Kilela Balanda,Haut-Katanga,-0.4449103448275862,-0.445,-1.136,0.616,-0.631,-0.328,0.3705862068965517,145,11793.17575,-11.43201263003922,26.401778780911933,-0.445,31.995133819951338,Q2
,Kilwa,Haut-Katanga,-0.4122248062015504,-0.428,-1.293,0.35,-0.5774999999999999,-0.2255,0.3810180878552971,387,12097.67237,-8.934028384314585,28.127395133623235,-0.428,37.95620437956204,Q2
ZMH0kkBQFs9,Kipushi,Haut-Katanga,-0.2731931818181818,-0.317,-0.963,1.349,-0.493,-0.096,0.3953560606060606,264,2490.2869,-11.696194345756671,27.467893411012085,-0.317,69.82968369829685,Q4
QA2FRWLQqWE,Kisanga,Haut-Katanga,0.3861428571428571,0.1305,-0.41,1.375,-0.15425,0.9745,0.4251785714285714,28,167.215,-11.751771159557345,27.420836173655548,0.1305,87.10462287104623,Q5 highest relative wealth
fQLRnttyYlx,Likasi,Haut-Katanga,0.6868571428571428,0.562,-0.315,1.573,0.2675,1.2265,0.4562857142857143,7,44.52006,-10.96650717984697,26.75796883307069,0.562,89.29440389294405,Q5 highest relative wealth
H8vCqAKUlyX,Lubumbashi,Haut-Katanga,0.81356,0.832,-0.391,1.485,0.329,1.302,0.47684,25,146.46108,-11.578325964422744,27.49142641992036,0.832,91.24087591240875,Q5 highest relative wealth
nNFVLFmkaAz,Lukafu,Haut-Katanga,-0.3969281045751633,-0.424,-0.828,0.13,-0.555,-0.246,0.3687908496732026,153,10902.88003,-10.618842236564772,27.55605968306736,-0.424,39.78102189781022,Q2
rYWmyhhl1LP,Mitwaba,Haut-Katanga,-0.3483757961783439,-0.383,-0.905,0.928,-0.526,-0.215,0.3696433121019108,157,9742.34877,-8.65145823720271,27.371425983140583,-0.383,53.892944038929436,Q3
,Mufunga_Sampwe,Haut-Katanga,-0.4423897637795276,-0.455,-1.14,0.312,-0.61425,-0.28825,0.3819212598425197,254,15022.02028,-9.54529147644499,27.126185507305184,-0.455,28.467153284671532,Q2
QteKQ66ixqO,Mumbunda,Haut-Katanga,0.6624347826086957,0.641,-0.351,1.696,-0.005,1.1675,0.4565652173913043,23,136.27227,-11.653179188698433,27.39693909933876,0.641,90.02433090024331,Q5 highest relative wealth
EofZhh5yYMG,Panda,Haut-Katanga,0.4114583333333333,0.348,-0.42,1.37,-0.015,0.8210000000000001,0.4549583333333333,24,156.35429,-10.99923685366704,26.77941143791161,0.348,88.32116788321169,Q5 highest relative wealth
fdlN13eHB5u,Pweto,Haut-Katanga,-0.369433774834437,-0.39,-1.021,0.908,-0.5355000000000001,-0.24125,0.3716721854304636,302,9712.52616,-8.12306210850083,29.01398286052285,-0.39,51.70316301703163,Q3
YFSLTwHFlOk,Ruashi,Haut-Katanga,0.7206666666666667,0.649,-0.545,1.757,0.398,1.112,0.4665,18,100.07728,-11.647923436811912,27.5714949093366,0.649,90.51094890510949,Q5 highest relative wealth
CSwaGvyMS6Z,Sakania,Haut-Katanga,-0.3281762452107279,-0.412,-1.163,1.141,-0.575,-0.184,0.3811494252873563,261,19925.78265,-12.613001202994717,28.974661472393212,-0.412,44.28223844282238,Q3
BdGu22qs6aS,Tshamilemba,Haut-Katanga,1.4715,1.4715,1.449,1.494,1.46025,1.48275,0.506,2,18.87021,-11.634539451061643,27.502382481712168,1.4715,95.62043795620438,Q5 highest relative wealth
,Vangu,Haut-Katanga,0.346,0.346,0.072,0.62,0.209,0.483,0.4465,2,15.22325,-11.005913300026412,26.828788917863665,0.346,88.07785888077859,Q5 highest relative wealth
OyzUIt0IaeY,Baka,Haut-Lomami,-0.0278461538461538,-0.116,-0.42,0.513,-0.3,0.135,0.409076923076923,13,197.75318,-8.655858434956475,25.22723120317441,-0.116,83.69829683698296,Q5 highest relative wealth
glucPFMOELN,Bukama,Haut-Lomami,-0.4067582938388625,-0.45,-1.111,1.131,-0.5774999999999999,-0.276,0.4028388625592417,211,5164.14848,-9.353337396531067,25.94717838022892,-0.45,30.413625304136254,Q2
FWbGIJwFtFw,Butumba,Haut-Lomami,-0.38243,-0.407,-0.815,0.523,-0.51575,-0.26125,0.38401,100,5095.32762,-8.934409185386107,26.414196200345813,-0.407,45.86374695863747,Q3
BU8zas1K8mi,Kabondo Dianda,Haut-Lomami,-0.3851168831168831,-0.395,-0.967,0.553,-0.5457500000000001,-0.26725,0.3941948051948052,154,4249.36591,-8.72327659115577,25.83078678243418,-0.395,49.63503649635037,Q3
kWcBPRsa7lA,Kabongo,Haut-Lomami,-0.334883495145631,-0.358,-0.883,0.723,-0.489,-0.216,0.3850711974110032,309,9477.11759,-7.383620823213441,25.567388328994728,-0.358,61.80048661800487,Q4
T0YXktZkPCF,Kamina,Haut-Lomami,-0.2978578199052132,-0.33,-1.046,1.047,-0.484,-0.17,0.3893649289099526,211,9633.06656,-8.7475236470774,24.818697824682864,-0.33,67.63990267639902,Q4
guov7iiEM6c,Kaniama,Haut-Lomami,-0.4306682577565632,-0.435,-0.968,0.439,-0.568,-0.2995,0.381782816229117,419,13296.09424,-7.86182134563274,24.163284982100183,-0.435,34.914841849148424,Q2
,Kayamba,Haut-Lomami,-0.3330117647058823,-0.328,-1.144,0.246,-0.521,-0.133,0.3799882352941176,85,2923.9701,-6.944883415897434,24.949380646211647,-0.328,68.1265206812652,Q4
,Kinda,Haut-Lomami,-0.418287037037037,-0.4505,-0.977,0.448,-0.585,-0.24975,0.3836388888888888,108,16496.2788,-9.536346828134873,24.856609032444236,-0.4505,30.170316301703163,Q2
qZdoTKoMddO,Kinkondja,Haut-Lomami,-0.4250677966101695,-0.436,-0.906,0.658,-0.5732499999999999,-0.30525,0.3869661016949152,118,4351.95189,-8.28478345104777,26.27879648743836,-0.436,34.54987834549878,Q2
,Kitenge,Haut-Lomami,-0.3770127388535032,-0.4,-1.234,0.219,-0.525,-0.225,0.3873524416135881,471,8452.94685,-6.783409792326029,25.86085791445323,-0.4,48.175182481751825,Q3
,Lwamba,Haut-Lomami,-0.3465714285714286,-0.386,-0.92,0.444,-0.484,-0.22825,0.3846269841269841,126,4640.48366,-7.710556119672731,26.36793952789612,-0.386,53.16301703163017,Q3
N3b4xbGIP6r,Malemba Nkulu,Haut-Lomami,-0.2785188679245283,-0.287,-0.918,0.896,-0.44425,-0.17225,0.3893490566037736,106,1935.21982,-7.951972588088751,26.71053400866029,-0.287,75.4257907542579,Q4
XdR0dqdFNt4,Mukanga,Haut-Lomami,-0.2974905660377358,-0.3215,-0.788,0.843,-0.4835,-0.19525,0.3722452830188679,106,4068.09357,-8.27114136758836,26.99422616510488,-0.3215,69.34306569343066,Q4
hdDyVXgN46J,Mulongo,Haut-Lomami,-0.2876341463414634,-0.304,-0.981,1.064,-0.512,-0.14575,0.381390243902439,82,4199.74889,-7.807088575902144,27.37673051235181,-0.304,71.77615571776155,Q4
cgc7FkCPcKb,Songa,Haut-Lomami,-0.3809206896551724,-0.3745,-0.933,0.288,-0.5395000000000001,-0.22625,0.3813275862068965,290,15515.27981,-7.987065884442539,25.048331735215577,-0.3745,56.812652068126525,Q3
NC2xavZLq2a,Aba,Haut-Uele,-0.4283658536585366,-0.43,-1.044,0.511,-0.5427500000000001,-0.31925,0.3830650406504065,246,2494.99523,3.662233421042525,30.30050221679106,-0.43,37.34793187347932,Q2
qwBasnNFRFW,Boma Mangbetu,Haut-Uele,-0.4792101910828025,-0.445,-1.14,0.278,-0.641,-0.285,0.3884777070063694,157,1369.15704,2.212524829385396,27.77203211534016,-0.445,31.995133819951338,Q2
,Doruma,Haut-Uele,-0.5307868852459017,-0.568,-1.081,0.279,-0.695,-0.391,0.3857868852459016,61,14644.27054,4.394453382123412,27.66903642485851,-0.568,9.002433090024331,Q1 lowest relative wealth
GkqfQB4CBwt,Dungu,Haut-Uele,-0.5643073770491803,-0.582,-1.389,0.593,-0.7605,-0.39675,0.3906721311475409,244,19079.84981,3.825439393437291,28.994683343150992,-0.582,6.082725060827251,Q1 lowest relative wealth
H0UZDpNtJ17,Faradje,Haut-Uele,-0.3842322834645669,-0.375,-1.109,0.461,-0.49975,-0.25525,0.3774685039370078,254,6476.37735,3.7570110388085687,29.83302935850353,-0.375,56.326034063260344,Q3
h1dItcsoHRw,Gombari,Haut-Uele,-0.5049869281045752,-0.51,-1.14,0.124,-0.691,-0.336,0.3876470588235294,153,10377.20236,2.7474667166252478,28.990556596343637,-0.51,17.51824817518248,Q1 lowest relative wealth
lW6NlTXqGcv,Isiro,Haut-Uele,-0.5159234693877551,-0.5375000000000001,-0.989,0.978,-0.661,-0.40575,0.4017040816326531,196,4365.84208,2.467794827955477,27.293384510153608,-0.5375000000000001,13.62530413625304,Q1 lowest relative wealth
yNXb6VSdyPw,Makoro,Haut-Uele,-0.4243451086956522,-0.4155,-1.089,0.325,-0.5632499999999999,-0.3075,0.3782119565217391,368,4635.86396,2.960431757163835,30.00672292416714,-0.4155,42.82238442822384,Q3
PDPn74NtJzs,Niangara,Haut-Uele,-0.599703947368421,-0.602,-1.168,0.234,-0.73725,-0.4752499999999999,0.3919802631578947,304,9334.52441,3.512326729166872,27.902033988591462,-0.602,3.64963503649635,Q1 lowest relative wealth
ZxQY9szHMx5,Pawa,Haut-Uele,-0.5118026905829597,-0.516,-1.269,0.352,-0.6805000000000001,-0.3255,0.3913094170403587,223,1804.34609,2.343859199254012,27.61126741623513,-0.516,16.423357664233578,Q1 lowest relative wealth
EGoMVOvVUAp,Rungu,Haut-Uele,-0.5116553191489361,-0.516,-1.008,0.356,-0.655,-0.3875,0.3941744680851063,235,4735.44865,2.8474462024846674,27.971545442725933,-0.516,16.423357664233578,Q1 lowest relative wealth
ET5R8zSN3gm,Wamba,Haut-Uele,-0.6059166666666667,-0.5825,-1.409,0.08,-0.75025,-0.443,0.3896833333333333,240,6848.08884,2.030083216386126,27.90797447758997,-0.5825,5.839416058394161,Q1 lowest relative wealth
mS2mByLHkzL,Watsa,Haut-Uele,-0.3003870967741935,-0.362,-0.962,1.001,-0.51925,-0.15825,0.4007204301075269,186,5045.65102,2.7537181558010366,29.66456538699904,-0.362,60.09732360097324,Q4
QAjDPUD5eCo,Adi,Ituri,-0.3529595375722543,-0.38,-0.744,0.417,-0.49,-0.225,0.3702312138728323,173,1051.1442,3.46065259968566,30.73575888900165,-0.38,54.8661800486618,Q3
CLboGR4F3lj,Adja,Ituri,-0.4120277777777777,-0.414,-0.896,0.162,-0.54,-0.28175,0.3771944444444444,144,867.86091,3.049758311908187,30.434316243437603,-0.414,43.79562043795621,Q3
yKlg7zZ2xlH,Angumu,Ituri,-0.4612954545454545,-0.466,-0.952,0.096,-0.5714999999999999,-0.36025,0.3665,44,268.94782,2.0305051046781557,31.03103404948146,-0.466,25.91240875912409,Q2
fM8IqjhdeyL,Ariwara,Ituri,-0.2008655462184873,-0.205,-0.599,0.866,-0.35,-0.109,0.3789327731092436,119,706.61357,3.188466434146676,30.746491203631624,-0.205,80.2919708029197,Q5 highest relative wealth
v8PqffapuVl,Aru,Ituri,-0.259047619047619,-0.261,-0.937,0.546,-0.3825,-0.119,0.3785306122448979,147,865.66038,2.852393408415279,30.7334556469857,-0.261,77.85888077858881,Q4
DFcltLEKLxj,Aungba,Ituri,-0.3153766233766233,-0.2815,-1.048,0.395,-0.47675,-0.16825,0.3701753246753246,154,1049.32226,2.571675310486554,30.620295794566484,-0.2815,76.15571776155717,Q4
Uc3GqWS8C0w,Bambu,Ituri,-0.2430833333333333,-0.2314999999999999,-0.734,0.355,-0.387,-0.1055,0.3829444444444444,72,455.33811,1.873954554870324,30.21917024000406,-0.2314999999999999,78.58880778588808,Q4
yS0pmMtanuT,Biringi,Ituri,-0.3657090909090909,-0.391,-1.195,0.361,-0.5055000000000001,-0.225,0.3734863636363636,220,2424.4921,2.7255988396702557,30.34745720599641,-0.391,51.09489051094891,Q3
rLadlFjzCh7,Boga,Ituri,-0.4112083333333333,-0.4255,-0.996,0.536,-0.60025,-0.2945,0.3707916666666666,72,1130.05119,0.9838240963923454,29.993211289190093,-0.4255,39.416058394160586,Q2
GPi6i83o7l6,Bunia,Ituri,0.3548,0.2495,-0.431,1.456,-0.25125,0.8744999999999999,0.45705,20,122.26021,1.5992175518130265,30.267505804918315,0.2495,87.59124087591242,Q5 highest relative wealth
ApdB8z3Wrxt,Damas,Ituri,-0.3089313725490196,-0.2975,-0.97,0.228,-0.4307499999999999,-0.1635,0.368735294117647,102,1843.31129,2.1927188551246384,30.18859139808879,-0.2975,73.96593673965937,Q4
OIhgsXcZf6x,Drodro,Ituri,-0.2986826923076923,-0.3045,-0.877,0.085,-0.4087499999999999,-0.18525,0.3902211538461538,104,650.55187,1.742842010394742,30.5488911987756,-0.3045,71.53284671532847,Q4
FDNwbfrJhkA,Fataki,Ituri,-0.2316935483870967,-0.2264999999999999,-0.723,0.232,-0.37,-0.1095,0.3844193548387096,62,396.07062,1.9145221454908543,30.555458282998192,-0.2264999999999999,79.07542579075427,Q4
X8zFJ7DJlRD,Gety,Ituri,-0.2658467741935484,-0.289,-0.769,0.718,-0.421,-0.1717499999999999,0.3746774193548387,124,1616.18674,1.246415059382568,30.16890121448695,-0.289,74.93917274939173,Q4
,Jiba,Ituri,-0.3135744680851063,-0.288,-0.791,0.26,-0.456,-0.1985,0.3779574468085106,47,303.7429,1.8227281601651584,30.717139349524555,-0.288,75.18248175182481,Q4
SkEKQLSulmp,Kambala,Ituri,-0.3156402877697842,-0.341,-0.786,0.224,-0.471,-0.1635,0.3711079136690647,139,1222.5229,2.3225392758066348,30.533918660929302,-0.341,65.69343065693431,Q4
sbyWSsdZ3tj,Kilo,Ituri,-0.4379772727272727,-0.452,-1.137,0.114,-0.5925,-0.185,0.3805227272727272,44,341.11724,1.762322198142434,30.084476915665388,-0.452,29.56204379562044,Q2
i2mtQy4nTmD,Komanda,Ituri,-0.5983003663003663,-0.598,-1.406,0.785,-0.787,-0.434,0.3798754578754579,273,3158.13168,1.1354508009381383,29.63945303629649,-0.598,4.37956204379562,Q1 lowest relative wealth
n1N4M95juaC,Laybo,Ituri,-0.3571781376518219,-0.36,-0.874,0.206,-0.4875,-0.237,0.375165991902834,247,1467.38552,3.352421105142022,30.50553078436439,-0.36,61.0705596107056,Q4
,Linga,Ituri,-0.2940322580645161,-0.301,-0.666,0.206,-0.459,-0.22625,0.372258064516129,62,425.68049,1.9514419223994697,30.780435300772396,-0.301,73.11435523114356,Q4
xGWcGHazqtw,Lita,Ituri,-0.29506,-0.2684999999999999,-0.984,0.729,-0.42275,-0.16125,0.38066,50,476.16225,1.586385107378987,30.373575268284664,-0.2684999999999999,77.12895377128953,Q4
qqGoQGSp1Dw,Logo,Ituri,-0.2095102040816326,-0.175,-0.652,0.173,-0.343,-0.088,0.3801224489795918,49,294.4159,2.168635968686617,30.913822550992027,-0.175,81.8734793187348,Q5 highest relative wealth
xp3Y1OXHZLj,Lolwa,Ituri,-0.5430222222222222,-0.527,-1.486,0.079,-0.752,-0.355,0.3816444444444444,45,4727.30169,1.5329994474724362,29.505644097313144,-0.527,14.5985401459854,Q1 lowest relative wealth
seNn0NUsKYn,Mahagi,Ituri,-0.1680112359550561,-0.186,-0.69,0.864,-0.287,-0.075,0.383247191011236,89,561.24798,2.312742067234734,30.940475344428133,-0.186,80.7785888077859,Q5 highest relative wealth
RjHZChl5gJQ,Mambasa,Ituri,-0.5491261261261261,-0.557,-1.419,0.71,-0.6890000000000001,-0.382,0.3772072072072072,111,17161.77159,1.4718465595232972,28.71479444240395,-0.557,10.70559610705596,Q1 lowest relative wealth
YpXUkTbtAPA,Mandima,Ituri,-0.4837429906542056,-0.4955,-1.283,0.322,-0.6505000000000001,-0.32575,0.3787336448598131,214,1904.51455,0.910763278476162,29.19282244402533,-0.4955,20.194647201946474,Q2
,Mangala,Ituri,-0.2940491803278688,-0.302,-0.751,0.212,-0.417,-0.195,0.3742622950819672,61,640.48011,1.964722363464665,30.40797564255324,-0.302,72.62773722627736,Q4
nv8tx681Gjd,Mongbwalu,Ituri,-0.4138695652173913,-0.3375,-1.108,0.688,-0.6892499999999999,-0.2022499999999999,0.3872173913043478,92,5886.29461,2.1069291892801405,29.5038843622595,-0.3375,66.42335766423358,Q4
tWlaqwSUheI,Nia Nia,Ituri,-0.5158775510204081,-0.511,-1.317,0.35,-0.727,-0.353,0.3948979591836735,49,7401.27741,1.274572958254527,27.998465778520877,-0.511,17.27493917274939,Q1 lowest relative wealth
TCE5waEW7Fi,Nizi,Ituri,-0.2146176470588235,-0.2234999999999999,-0.716,0.822,-0.427,-0.018,0.3995,34,199.30574,1.7539772019287267,30.316113209114064,-0.2234999999999999,79.31873479318735,Q4
mGTaa8TFifO,Nyankunde,Ituri,-0.4362135922330097,-0.451,-1.105,0.189,-0.6,-0.305,0.3795533980582524,103,840.08511,1.478137927373338,29.941348175381485,-0.451,29.927007299270077,Q2
gyRgzU4sTgY,Nyarambe,Ituri,-0.3077631578947368,-0.3255,-0.706,0.118,-0.43825,-0.1714999999999999,0.375078947368421,76,450.74216,2.1685503675344653,31.130619775457355,-0.3255,68.3698296836983,Q4
hWMdKGgsAIz,Rethy,Ituri,-0.2797448979591836,-0.282,-0.776,0.417,-0.40325,-0.16925,0.3711530612244897,98,625.00824,2.073998666910817,30.731478954261995,-0.282,75.91240875912408,Q4
a2aJcbwnjoK,Rimba,Ituri,-0.2510172413793103,-0.257,-0.703,0.19,-0.37525,-0.14325,0.3757758620689655,58,342.49,2.222617471803856,30.76092797109129,-0.257,78.1021897810219,Q4
vPxN2nZnBXK,Rwampara,Ituri,-0.2968,-0.3175,-0.944,0.339,-0.4982499999999999,-0.1305,0.39261,100,703.05575,1.579659966595003,30.139560402722797,-0.3175,69.58637469586375,Q4
rhj4btTd3i0,Tchomia,Ituri,-0.3433589743589743,-0.347,-0.704,0.55,-0.4599999999999999,-0.237,0.3927692307692307,39,419.5719,1.4909206488876194,30.465104743129157,-0.347,64.72019464720195,Q4
bNFyJIkjMdY,Banga Lubaka,Kasaï,-0.3069196428571428,-0.2955,-0.855,0.529,-0.482,-0.15875,0.3607589285714286,112,4368.18301,-5.589092409914756,20.49559589916933,-0.2955,74.20924574209245,Q4
,Bulape,Kasaï,-0.5035918367346939,-0.5485,-1.13,0.293,-0.6715,-0.3017499999999999,0.3810510204081633,98,4066.69745,-4.355164493031587,21.747165681328397,-0.5485,11.678832116788321,Q1 lowest relative wealth
Z3lr3MOHNLH,Dekese,Kasaï,-0.4695141242937853,-0.459,-1.381,0.148,-0.634,-0.295,0.3748418079096045,177,26560.58512,-3.2801660038300744,21.386852940688744,-0.459,27.73722627737226,Q2
g9sayFS8d1p,Ilebo,Kasaï,-0.37302,-0.4075,-0.869,0.702,-0.58,-0.2095,0.38346,50,748.28043,-4.335471300218424,20.662611193071022,-0.4075,45.49878345498784,Q3
y1bSl3YWtJm,Kakenge,Kasaï,-0.417975,-0.4175,-1.152,0.142,-0.5125,-0.248,0.3808416666666667,120,3352.55087,-4.651324372642664,22.016444372682628,-0.4175,41.84914841849148,Q3
,Kalonda_Ouest,Kasaï,-0.2925223880597015,-0.3425,-0.683,0.962,-0.472,-0.1625,0.3665895522388059,134,2950.74872,-6.099083531777176,20.841512393877636,-0.3425,65.45012165450122,Q4
BTGp4czwZRN,Kamonia,Kasaï,-0.3400804020100502,-0.369,-0.878,0.488,-0.495,-0.224,0.3617085427135678,199,4321.71195,-7.007611746511446,20.909605320517397,-0.369,59.12408759124088,Q3
,Kamwesha,Kasaï,-0.387015625,-0.39,-0.995,0.201,-0.5335000000000001,-0.257,0.3674453125,256,4740.06655,-6.429883269235199,21.31830280803113,-0.39,51.70316301703163,Q3
YyPtkSv7bB3,Kanzala,Kasaï,-0.2995581395348837,-0.339,-0.794,1.06,-0.502,-0.1775,0.3827441860465116,43,492.63722,-6.576455049714631,20.82790600497991,-0.339,65.93673965936739,Q4
,Kitangua,Kasaï,-0.313069306930693,-0.345,-0.91,0.42,-0.4625,-0.17625,0.3581831683168316,202,7007.14655,-6.422625623361832,20.11727279759382,-0.345,65.20681265206812,Q4
d9la4YKNnto,Luebo,Kasaï,-0.3945454545454546,-0.37,-1.327,0.717,-0.52325,-0.24875,0.370540404040404,198,5555.26154,-5.629398293518988,21.50618216199501,-0.37,58.63746958637469,Q3
vy2yqOs0J70,Mikope,Kasaï,-0.3660071174377224,-0.394,-1.041,0.832,-0.54,-0.192,0.3743665480427046,281,10798.41934,-4.881972288934557,20.55941707714645,-0.394,50.121654501216554,Q3
qdhh0JFWiW2,Mushenge,Kasaï,-0.4321009174311926,-0.441,-1.501,0.146,-0.59,-0.285,0.3772752293577981,109,6990.80034,-4.409218583766103,21.16951013924978,-0.441,33.09002433090024,Q2
,Mutena,Kasaï,-0.370314465408805,-0.393,-0.829,0.351,-0.5045,-0.2385,0.3662955974842767,159,2636.22369,-7.022818222627426,21.389097199075284,-0.393,50.36496350364964,Q3
dw1XnGf2aaU,Mweka,Kasaï,-0.4618108108108108,-0.462,-1.239,0.683,-0.631,-0.2955,0.3841891891891892,111,3134.46136,-5.061888370777204,21.478646618276237,-0.462,27.128953771289538,Q2
phRBB1s5LJX,Ndjoko Mpunda,Kasaï,-0.4195170068027211,-0.424,-1.086,0.456,-0.5705,-0.2675,0.370421768707483,147,2792.67832,-5.733821603898978,21.105977975806496,-0.424,39.78102189781022,Q2
,Nyanga,Kasaï,-0.2978918918918919,-0.2995,-0.828,0.244,-0.45575,-0.17225,0.3630945945945946,74,1885.97878,-5.995817637601102,20.31684791262078,-0.2995,73.47931873479318,Q4
rsaI3zncNG9,Tshikapa,Kasaï,-0.3724833333333333,-0.4215,-0.908,1.397,-0.52625,-0.2715,0.3622277777777777,180,2000.93229,-6.62306676302118,20.58816376974646,-0.4215,40.38929440389295,Q3
lRLzCt3aMHM,Luambo,Kasaï Central,-0.4213828571428571,-0.426,-0.861,0.016,-0.552,-0.308,0.3632285714285714,175,4198.83782,-7.424234934659182,22.06186340824347,-0.426,39.17274939172749,Q2
U6rNBblejC5,Tshikaji,Kasaï Central,-0.4571333333333333,-0.497,-0.828,0.365,-0.6365000000000001,-0.3515,0.3840666666666666,15,109.36929,-5.991700174011951,22.466551593588274,-0.497,19.464720194647203,Q1 lowest relative wealth
xx5xiY5vVBa,Bipemba,Kasaï Oriental,1.01,1.01,1.01,1.01,1.01,1.01,0.391,1,11.45683,-6.092385559313883,23.578909768009925,1.01,91.72749391727494,Q5 highest relative wealth
ZxyZ7L3ynso,Bonzola,Kasaï Oriental,0.95775,1.0005,0.408,1.422,0.759,1.19925,0.45075,4,28.60301,-6.149016150139357,23.61259794387569,1.0005,91.48418491484185,Q5 highest relative wealth
f1b3q0aLFzW,Diulu,Kasaï Oriental,1.5790000000000002,1.5790000000000002,1.221,1.937,1.4,1.758,0.4855,2,8.85784,-6.101306710105575,23.599176717281228,1.5790000000000002,96.10705596107056,Q5 highest relative wealth
k7iudxSjdn7,Kabeya Kamwanga,Kasaï Oriental,-0.448796875,-0.454,-0.929,0.349,-0.58975,-0.31725,0.385265625,192,2568.25987,-5.953734802683101,23.21159931361749,-0.454,28.953771289537713,Q2
ucEXrvC3lau,Lukelenge,Kasaï Oriental,0.745,0.831,0.278,1.126,0.5545,0.9785,0.4026666666666667,3,18.32081,-6.117809332544264,23.65084492189934,0.831,90.99756690997567,Q5 highest relative wealth
,Kalomba,Kasaï-Central,-0.3993116883116883,-0.392,-0.871,0.01,-0.554,-0.264,0.3639220779220779,77,1302.66641,-6.790509939307951,21.68942570129295,-0.392,50.60827250608273,Q3
,Masuika,Kasaï-Central,-0.3459889502762431,-0.35,-0.802,0.167,-0.491,-0.192,0.3721602209944751,181,2273.16691,-7.579360682130481,22.51777644423822,-0.35,63.625304136253035,Q4
,Tshikula,Kasaï-Central,-0.456433734939759,-0.4715,-0.904,0.012,-0.5635,-0.349,0.3791746987951807,166,2166.25214,-6.082418090445138,22.782928479065188,-0.4715,24.330900243309003,Q2
,Bibanga,Kasaï-Oriental,-0.37975,-0.3745,-0.645,-0.125,-0.44925,-0.305,0.38575,4,1501.97254,-6.080620224450773,23.87443879293061,-0.3745,56.812652068126525,Q3
,Cilundu,Kasaï-Oriental,-0.3648470588235294,-0.379,-0.94,0.18,-0.545,-0.234,0.3874941176470588,85,1244.44255,-6.413392511513608,23.29143137157933,-0.379,55.59610705596108,Q3
,Citenge,Kasaï-Oriental,0.041,-0.06,-0.839,0.91,-0.4034999999999999,0.58375,0.382875,8,225.02902,-6.137953225478162,23.73876342686927,-0.06,84.67153284671532,Q5 highest relative wealth
,Dibindi,Kasaï-Oriental,1.771,1.771,1.29,2.252,1.5305,2.0115,0.483,2,4.73721,-6.128777474107521,23.61979976435543,1.771,97.32360097323601,Q5 highest relative wealth
,Kasansa,Kasaï-Oriental,-0.3872281879194631,-0.389,-0.947,0.924,-0.497,-0.266,0.3913288590604026,149,1330.62866,-6.557351438716012,23.618781835104908,-0.389,52.311435523114355,Q3
,Miabi,Kasaï-Oriental,-0.3253877551020408,-0.309,-0.818,0.424,-0.443,-0.253,0.4025102040816326,49,580.30121,-6.165969687397976,23.330056641543248,-0.309,70.8029197080292,Q4
,Mpokolo,Kasaï-Oriental,0.44525,0.7745,-0.612,1.14,-0.02675,0.937,0.3895,8,39.71611,-6.0883206769699685,23.534270375021897,0.7745,90.75425790754258,Q5 highest relative wealth
,Mukumbi,Kasaï-Oriental,-0.4085227272727272,-0.4054999999999999,-0.832,0.562,-0.55625,-0.30925,0.3864848484848485,132,1042.80698,-5.895410086873944,23.623852434363904,-0.4054999999999999,46.47201946472019,Q3
,Muya,Kasaï-Oriental,1.021,1.021,0.418,1.624,0.7195,1.3225,0.418,2,9.2118,-6.09919179495068,23.63432024068302,1.021,91.97080291970804,Q5 highest relative wealth
,Nzaba,Kasaï-Oriental,0.945,1.102,0.459,1.416,0.608,1.14,0.4025999999999999,5,37.69985,-6.133071556582062,23.54248564434049,1.102,92.21411192214111,Q5 highest relative wealth
,Tshilenge,Kasaï-Oriental,-0.3577323943661972,-0.415,-1.042,0.587,-0.5914999999999999,-0.1674999999999999,0.3875352112676056,71,548.07257,-6.298592368268711,23.70815381636508,-0.415,43.30900243309003,Q3
,Tshishimbi,Kasaï-Oriental,-0.350983606557377,-0.39,-0.808,0.467,-0.577,-0.191,0.3951147540983606,61,563.76202,-6.199658085188431,23.49298247422688,-0.39,51.70316301703163,Q3
BjbUZ5acV7t,Bandalungwa,Kinshasa,2.205,2.205,2.205,2.205,2.205,2.205,0.487,1,4.28409,-4.346689285105645,15.283319604048408,2.205,99.7566909975669,Q5 highest relative wealth
uw3SOxNTDP4,Barumbu,Kinshasa,1.62,1.62,1.62,1.62,1.62,1.62,0.499,1,3.89795,-4.318160206354532,15.324492848351028,1.62,96.83698296836984,Q5 highest relative wealth
ShcGSNMpF7z,Binza Meteo,Kinshasa,1.6662,1.633,1.265,2.138,1.539,1.756,0.51,5,31.07049,-4.393480955205518,15.250924802248644,1.633,97.08029197080292,Q5 highest relative wealth
m5B0okd0KaZ,Binza Ozone,Kinshasa,1.5653333333333332,1.599,0.524,2.08,1.552,1.94,0.4916666666666667,6,40.898,-4.343706156401253,15.233462837159808,1.599,96.59367396593674,Q5 highest relative wealth
QzpHCAKe31e,Biyela,Kinshasa,1.3016666666666667,1.106,1.059,1.74,1.0825,1.423,0.4273333333333333,3,22.50407,-4.443299769583845,15.406014695819946,1.106,92.7007299270073,Q5 highest relative wealth
L3vMLScAbZ6,Gombe,Kinshasa,1.104,1.104,1.104,1.104,1.104,1.104,0.505,1,12.56666,-4.309886995535986,15.298628538241871,1.104,92.45742092457421,Q5 highest relative wealth
TuzDrpZ9zzl,Kasa Vubu,Kinshasa,1.223,1.223,1.223,1.223,1.223,1.223,0.511,1,3.33599,-4.340936796273548,15.302935004761096,1.223,93.67396593673966,Q5 highest relative wealth
wTaqhPcijDM,Kikimi,Kinshasa,1.133,1.198,0.742,1.459,0.97,1.3285,0.385,3,15.96191,-4.436203071445683,15.431763381405766,1.198,93.43065693430657,Q5 highest relative wealth
cycttnJlR4L,Kimbanseke,Kinshasa,0.7666666666666666,0.642,0.581,1.077,0.6114999999999999,0.8594999999999999,0.3933333333333333,3,21.51247,-4.448860521968995,15.375809175810325,0.642,90.2676399026764,Q5 highest relative wealth
NwNyAitXVsr,Kingabwa,Kinshasa,1.4865,1.4865,1.361,1.612,1.42375,1.54925,0.4875,2,10.83594,-4.356059852593096,15.353919410476369,1.4865,95.86374695863748,Q5 highest relative wealth
ZTt8HbFGrY4,Kingasani,Kinshasa,1.928,1.928,1.928,1.928,1.928,1.928,0.462,1,4.58311,-4.408228101700929,15.402407004473602,1.928,98.54014598540147,Q5 highest relative wealth
xZy8t34pvs6,Kinshasa,Kinshasa,1.231,1.231,1.231,1.231,1.231,1.231,0.506,1,3.09007,-4.322826171501161,15.3114751755654,1.231,93.91727493917274,Q5 highest relative wealth
oeP2sQLMCuy,Kintambo,Kinshasa,1.773,1.773,1.773,1.773,1.773,1.773,0.501,1,3.84757,-4.34417962681986,15.265883295582846,1.773,97.5669099756691,Q5 highest relative wealth
Vv9L3W7VMrX,Kisenso,Kinshasa,1.4793333333333332,1.269,1.142,2.027,1.2054999999999998,1.648,0.4853333333333333,3,15.50102,-4.415664575807669,15.344528888971135,1.269,94.16058394160584,Q5 highest relative wealth
Ab6jrKWO5EZ,Kokolo,Kinshasa,1.4635,1.4635,1.135,1.792,1.29925,1.62775,0.5455000000000001,2,9.53414,-4.351605716893993,15.26749743063622,1.4635,95.37712895377129,Q5 highest relative wealth
tCLXgZBBLQ0,Lemba,Kinshasa,1.8895,1.8895,1.753,2.026,1.82125,1.95775,0.4935,2,14.25277,-4.404935687937653,15.32074755608872,1.8895,98.29683698296837,Q5 highest relative wealth
JhJFxKnFvmJ,Limete,Kinshasa,1.5926666666666665,1.597,1.428,1.753,1.5125,1.6749999999999998,0.4963333333333333,3,12.29406,-4.355516707955202,15.334636730580646,1.597,96.35036496350365,Q5 highest relative wealth
SqWL31RNyKx,Makala,Kinshasa,1.98,1.98,1.98,1.98,1.98,1.98,0.472,1,5.18528,-4.3812406747192005,15.308661261517882,1.98,99.02676399026764,Q5 highest relative wealth
tkbMhp2kIT2,Maluku 1,Kinshasa,-0.4146046511627907,-0.46,-1.014,1.114,-0.5892499999999999,-0.26625,0.3783953488372093,258,3476.25135,-4.430106071161416,15.785456985548926,-0.46,27.49391727493917,Q2
nq4LAyXUm8a,Maluku 2,Kinshasa,-0.4580452261306532,-0.468,-0.945,0.344,-0.613,-0.324,0.3670854271356784,199,5252.82952,-4.494127175054021,16.157303543132592,-0.468,25.304136253041364,Q2
F0zQH8NbaIx,Masina 1,Kinshasa,1.837,1.837,1.837,1.837,1.837,1.837,0.55,1,7.70486,-4.379227782155034,15.379111611994194,1.837,98.05352798053528,Q5 highest relative wealth
hL8oJfWHx3g,Masina 2,Kinshasa,1.78,1.78,1.696,1.864,1.738,1.822,0.461,2,6.99642,-4.3910521310201975,15.406268127355654,1.78,97.8102189781022,Q5 highest relative wealth
ubl3NORPhsC,Mont Ngafula 1,Kinshasa,0.0892962962962963,-0.1145,-0.767,1.712,-0.41975,0.50375,0.4153888888888889,54,360.65318,-4.537994305853825,15.31105909909632,-0.1145,83.94160583941606,Q5 highest relative wealth
gMhYDNcoZSe,Mont Ngafula 2,Kinshasa,0.5339411764705883,0.633,-0.433,1.686,-0.009,1.028,0.4532941176470588,17,100.29978,-4.429823217780756,15.201510415477989,0.633,89.78102189781022,Q5 highest relative wealth
rK2ODHilbAP,Ndjili,Kinshasa,2.066,2.066,1.676,2.456,1.871,2.261,0.4755,2,9.26149,-4.406532476726999,15.37266320394854,2.066,99.27007299270073,Q5 highest relative wealth
vvrhCzWzc0J,Ngaba,Kinshasa,2.115,2.115,2.115,2.115,2.115,2.115,0.497,1,2.84335,-4.380629054578207,15.323213598518764,2.115,99.51338199513383,Q5 highest relative wealth
LSvg2jR0rEQ,Ngiri Ngiri,Kinshasa,2.266,2.266,2.266,2.266,2.266,2.266,0.494,1,2.9295,-4.356153085207147,15.299207376973804,2.266,100.0,Q5 highest relative wealth
m0D9iUAjJ1G,Nsele,Kinshasa,0.1942142857142857,0.0635,-0.922,1.519,-0.28575,0.62625,0.4118714285714285,70,973.16964,-4.404417726219652,15.570222264464697,0.0635,86.13138686131386,Q5 highest relative wealth
nbSOIch7Mbc,Selembao,Kinshasa,1.8415,1.93,1.074,2.432,1.52925,2.24225,0.4882499999999999,4,20.16883,-4.409203648924377,15.276879057475728,1.93,98.78345498783455,Q5 highest relative wealth
djWn21U4AVy,Boma,Kongo Central,0.4216666666666667,0.214,-0.288,1.7,-0.08575,0.79625,0.4706666666666666,12,139.06214,-5.813602817286244,13.054034737013586,0.214,87.34793187347933,Q5 highest relative wealth
vquecO03tD0,Boma Bungu,Kongo Central,-0.3604,-0.373,-0.825,0.399,-0.531,-0.2205,0.3745199999999999,75,2655.80484,-5.745156615031375,12.980284897445092,-0.373,57.299270072992705,Q3
MjmIRJaAC1H,Gombe Matadi,Kongo Central,-0.4558371040723982,-0.469,-1.043,0.501,-0.606,-0.32,0.3689411764705882,221,2986.26547,-5.041796347140957,14.623271092754791,-0.469,24.817518248175183,Q2
DD5m0lzETfF,Inga,Kongo Central,-0.3246511627906976,-0.379,-1.118,1.281,-0.529,-0.169,0.3834186046511628,129,1582.11532,-5.474059085444396,13.481410772797211,-0.379,55.59610705596108,Q3
bV04pTUIL8A,Kangu,Kongo Central,-0.5175555555555555,-0.5425,-1.228,0.263,-0.6845000000000001,-0.3515,0.3698174603174603,126,913.39285,-5.242893884406371,12.773658704294034,-0.5425,12.408759124087592,Q1 lowest relative wealth
bBTWb8cD9Z3,Kimpangu,Kongo Central,-0.4839810126582278,-0.483,-0.989,0.063,-0.59975,-0.3562499999999999,0.3581518987341772,158,1479.01062,-5.744974695583617,14.93365243271528,-0.483,22.38442822384428,Q2
XXKTLp8q7wJ,Kimpese,Kongo Central,-0.3720053191489361,-0.4,-0.921,0.594,-0.539,-0.2445,0.369686170212766,188,3716.47082,-5.448881893195819,14.310074173771223,-0.4,48.175182481751825,Q3
pZobW0wXW6e,Kisantu,Kongo Central,-0.3625911949685534,-0.443,-0.943,1.024,-0.54,-0.2625,0.375251572327044,159,1369.94215,-5.076113784489339,15.261539117761806,-0.443,32.72506082725061,Q2
ADqfcJ05GHD,Kitona,Kongo Central,-0.1300625,-0.175,-0.675,0.464,-0.4255,0.23725,0.381375,16,357.1905,-5.985366666571138,12.549663294357993,-0.175,81.8734793187348,Q5 highest relative wealth
TQ5nmMVD9uY,Kizu,Kongo Central,-0.5334285714285715,-0.5385,-1.183,0.211,-0.6904999999999999,-0.44075,0.3733571428571429,56,432.58259,-5.02387352152175,12.981189194268696,-0.5385,13.381995133819952,Q1 lowest relative wealth
ZekPSH5fUQ0,Kuimba,Kongo Central,-0.3790705882352941,-0.418,-1.055,0.441,-0.612,-0.126,0.3618705882352941,85,620.63628,-5.05332292446526,12.688893245296017,-0.418,41.605839416058394,Q3
DZV9ipxIsg1,Kwilu Ngongo,Kongo Central,-0.3282710280373832,-0.404,-0.886,0.987,-0.5854999999999999,-0.1895,0.377626168224299,107,1807.69153,-5.516661558335947,14.687767726415077,-0.404,47.201946472019465,Q3
KlQNBFiC8Cf,Lukula,Kongo Central,-0.4806807511737089,-0.477,-1.213,0.864,-0.668,-0.334,0.3658169014084507,213,2382.83125,-5.451708761209878,12.872512716489084,-0.477,23.479318734793186,Q2
yb4Q3Xo1EUo,Massa,Kongo Central,-0.3304210526315789,-0.39,-1.02,0.742,-0.572,-0.125,0.3771654135338345,133,1466.63903,-4.648964266089255,15.31596588860336,-0.39,51.70316301703163,Q3
pFhuqRaXTSO,Matadi,Kongo Central,0.3346923076923077,0.081,-0.354,1.618,-0.252,0.774,0.4726923076923077,13,104.42138,-5.8390675706445085,13.450029293618408,0.081,86.37469586374696,Q5 highest relative wealth
PDfWsEoWLcy,Mbanza Ngungu,Kongo Central,-0.2155961538461538,-0.3145,-0.877,0.983,-0.5285,-0.076,0.386326923076923,52,449.55411,-5.261102803638878,14.808455212296629,-0.3145,70.31630170316302,Q4
Zbg4fiy6f3t,Muanda,Kongo Central,0.0824305555555555,-0.024,-0.636,1.506,-0.25075,0.3705,0.3983472222222222,72,1250.13308,-5.818170780390892,12.468846226721116,-0.024,85.40145985401459,Q5 highest relative wealth
fuiphWnOGii,Ngidinga,Kongo Central,-0.4530865384615384,-0.4815,-0.931,0.34,-0.59425,-0.3335,0.3618846153846153,208,3626.09403,-5.641828774368715,15.484143512570435,-0.4815,23.114355231143552,Q2
n0NjjahdTLk,Nsona Mpangu,Kongo Central,-0.3368587570621469,-0.362,-0.986,0.943,-0.542,-0.167,0.3735762711864407,177,4611.7564,-5.588830960966296,13.879995986036157,-0.362,60.09732360097324,Q4
fWrUdkX9JEv,Seke Banza,Kongo Central,-0.4048733624454148,-0.42,-0.99,0.462,-0.562,-0.289,0.3682532751091703,229,2056.44511,-5.184986740571291,13.301604386791826,-0.42,40.632603406326034,Q3
hniXpSX7Zrq,Tshela,Kongo Central,-0.5313815789473684,-0.587,-1.189,0.562,-0.7152499999999999,-0.37175,0.3669342105263158,76,639.69969,-4.878246563141041,12.88312067223158,-0.587,5.35279805352798,Q1 lowest relative wealth
ZRDAZVZ4HMV,Vaku,Kongo Central,-0.4747441860465116,-0.4629999999999999,-1.485,0.357,-0.64375,-0.29525,0.3703953488372093,86,581.65585,-5.181553936553563,13.028082080823465,-0.4629999999999999,26.763990267639905,Q2
,Boko,Kongo-Central,-0.3731781818181818,-0.406,-0.975,0.689,-0.511,-0.2475,0.3669454545454545,275,1928.1059,-5.316575085560372,15.020931859585724,-0.406,46.228710462287104,Q3
,Kibunzi,Kongo-Central,-0.3334260869565217,-0.352,-0.755,0.295,-0.5095000000000001,-0.181,0.3618695652173913,115,2438.12213,-5.028952514126421,13.692507436393598,-0.352,62.89537712895377,Q4
,Kikimi,Kongo-Central,-0.2885,-0.3095,-0.384,-0.151,-0.33525,-0.26275,0.3682499999999999,4,124.79073,-4.571128509257358,15.527841295915104,-0.3095,70.55961070559611,Q4
,Kimvula,Kongo-Central,-0.4404093567251462,-0.427,-1.009,0.045,-0.577,-0.3115,0.362,171,3804.25091,-5.466901720630762,16.031169324216,-0.427,38.68613138686132,Q2
,Kinkonzi,Kongo-Central,-0.4139430894308943,-0.405,-1.151,0.499,-0.6045,-0.2555,0.3677560975609756,123,1112.76602,-4.812926687597969,13.149746883666646,-0.405,46.715328467153284,Q3
,Luozi,Kongo-Central,-0.4126178343949045,-0.427,-0.991,0.816,-0.56,-0.285,0.3646114649681529,157,2428.88031,-4.779175218265144,13.952778550970988,-0.427,38.68613138686132,Q2
,Mangembo,Kongo-Central,-0.4927040816326531,-0.5145,-0.92,0.071,-0.61725,-0.38475,0.370280612244898,196,2337.92058,-4.581818576782252,14.236659388401335,-0.5145,16.78832116788321,Q1 lowest relative wealth
,Nselo,Kongo-Central,-0.4428888888888889,-0.466,-1.098,0.422,-0.579,-0.293,0.3671623931623931,117,3176.72454,-5.197520862749627,15.630489401352968,-0.466,25.91240875912409,Q2
,Sona Bata,Kongo-Central,-0.4729538461538461,-0.487,-1.016,0.304,-0.64425,-0.341,0.3674461538461538,130,1688.1004,-4.823569926153724,15.264074388426948,-0.487,21.897810218978105,Q2
tUhIQ4MVPVI,Boko,Kwango,-0.3844444444444445,-0.396,-0.971,0.121,-0.529,-0.224,0.3684144144144144,333,7882.88384,-4.936738190828621,16.697250762713377,-0.396,49.27007299270073,Q3
,Feshi,Kwango,-0.4002083333333333,-0.427,-1.016,0.36,-0.55425,-0.268,0.3635320512820513,312,8394.00672,-6.246334558376999,18.253662974462333,-0.427,38.68613138686132,Q2
JkaDYyGpdPX,Kahemba,Kwango,-0.3171578947368421,-0.333,-1.197,1.281,-0.493,-0.164,0.3583017543859649,285,11666.10174,-7.183368232175431,19.312379835545595,-0.333,66.90997566909975,Q4
,Kajiji,Kwango,-0.3750289256198347,-0.3725,-1.08,0.474,-0.5375000000000001,-0.2165,0.357793388429752,242,8217.39355,-7.454880852502877,18.57206234857332,-0.3725,57.785888077858885,Q3
eIpu2GCPTIP,Kasongo Lunda,Kwango,-0.3337256097560975,-0.355,-0.882,0.722,-0.4805,-0.21125,0.36375,164,4200.77596,-6.439942082265324,16.967968547783187,-0.355,62.28710462287105,Q4
Qx104OFTrS6,Kenge,Kwango,-0.3276178861788618,-0.349,-0.943,0.46,-0.49,-0.181,0.3739078590785908,369,5404.84707,-4.731092623657409,17.318190517508288,-0.349,63.990267639902676,Q4
lJaJ763sqNI,Kimbao,Kwango,-0.3339025157232704,-0.3525,-0.879,0.408,-0.49,-0.177,0.3623930817610062,318,4494.58756,-5.473326504313967,17.237482982469338,-0.3525,62.530413625304135,Q4
ni4XTmpzmVX,Kisanji,Kwango,-0.263457627118644,-0.291,-0.736,0.697,-0.4505,-0.1165,0.3664237288135593,118,5212.57969,-6.493866264714304,18.958441197909806,-0.291,74.5742092457421,Q4
c66ur6Nda04,Kitenda,Kwango,-0.4224578313253012,-0.415,-0.967,0.132,-0.58875,-0.273,0.362066265060241,166,4401.40633,-7.025540710180313,17.273472556384046,-0.415,43.30900243309003,Q3
,Mwela Lembwa,Kwango,-0.4280624999999999,-0.4325,-0.957,0.236,-0.5734999999999999,-0.276,0.3629375,224,4661.43895,-6.170281792259535,17.68251855994373,-0.4325,36.25304136253041,Q2
Kl436vOuc9s,Panzi,Kwango,-0.3599153225806452,-0.36,-0.981,0.279,-0.52175,-0.219,0.3616370967741935,248,10153.24066,-7.123164992083702,18.02864735906192,-0.36,61.0705596107056,Q4
Otc087GDtkQ,Popokabaka,Kwango,-0.3674860759493671,-0.381,-1.059,0.32,-0.5165,-0.2285,0.3639746835443037,395,6665.39614,-5.649799136466442,16.601065947956158,-0.381,54.379562043795616,Q3
,Tembo,Kwango,-0.4042654867256637,-0.409,-0.923,0.153,-0.56,-0.265,0.3585309734513274,113,5780.75045,-7.654838634060682,17.591581074726385,-0.409,45.01216545012166,Q3
xUfv1fcnAmb,Wamba Lwadi,Kwango,-0.3149929078014185,-0.323,-0.853,0.364,-0.499,-0.166,0.3648014184397163,141,2570.62009,-6.346532983615126,17.338655156935772,-0.323,68.85644768856449,Q4
k06WV7FTN9D,Bagata,Kwilu,-0.3744901960784313,-0.3915,-0.954,0.588,-0.5437500000000001,-0.22675,0.3761862745098039,102,5781.61443,-3.776287042539239,17.89721717423814,-0.3915,50.85158150851582,Q3
KJPFKwgcqyd,Bandundu,Kwilu,-0.1507826086956521,-0.2625,-0.676,1.245,-0.4197499999999999,-0.0834999999999999,0.3941304347826087,46,1674.13508,-3.497860099479764,17.480468077568663,-0.2625,77.61557177615572,Q4
e6Wpbl5nqcD,Bulungu,Kwilu,-0.3296104868913858,-0.375,-0.87,0.733,-0.4805,-0.1895,0.3782921348314607,267,3476.4789,-4.619520653799468,18.87169074316861,-0.375,56.326034063260344,Q3
IgSLfQbGSnF,Djuma,Kwilu,-0.3581534653465346,-0.3635,-0.856,0.363,-0.5175000000000001,-0.20975,0.3736435643564356,202,3331.87396,-4.200758521415333,18.59121292802804,-0.3635,59.61070559610706,Q3
GuAIPcinFIj,Gungu,Kwilu,-0.2750478260869565,-0.3035,-1.148,0.704,-0.4317499999999999,-0.094,0.3727217391304347,230,4147.83979,-5.946014015931733,19.310363028729345,-0.3035,72.01946472019465,Q4
riGgtQ9beB5,Idiofa,Kwilu,-0.3409791666666666,-0.3865,-0.831,1.079,-0.4955,-0.204,0.37335,240,4874.89138,-5.07425016151232,19.46756606084548,-0.3865,52.798053527980535,Q3
jSLnBqCXCzW,Ipamu,Kwilu,-0.3547272727272727,-0.383,-1.071,0.753,-0.512,-0.219,0.3713575757575758,165,3345.11926,-4.348542313741622,19.765854897592657,-0.383,53.892944038929436,Q3
DrEgd3k7YFu,Kikongo,Kwilu,-0.3378212560386474,-0.38,-0.839,0.584,-0.518,-0.162,0.3771642512077294,207,6690.03923,-4.155806969211616,17.162623880625635,-0.38,54.8661800486618,Q3
GaaOhIJU3Bx,Kikwit Nord,Kwilu,0.24125,-0.0344999999999999,-0.79,1.582,-0.3607499999999999,0.847,0.4135625,16,98.38051,-5.021369512069568,18.855866798851604,-0.0344999999999999,85.15815085158151,Q5 highest relative wealth
Y8Hlj8DpZHc,Kikwit Sud,Kwilu,0.3007,0.128,-0.253,1.189,-0.18225,0.7065,0.3946,10,53.1786,-5.068296378838291,18.797437900116183,0.128,86.86131386861314,Q5 highest relative wealth
,Kimputu,Kwilu,-0.403,-0.433,-0.922,0.559,-0.553,-0.272,0.3761725888324873,197,2873.16396,-4.457246086776582,19.399065007852908,-0.433,35.64476885644769,Q2
QVjGTE0nOen,Kingandu,Kwilu,-0.3795277777777778,-0.384,-1.044,0.467,-0.5317500000000001,-0.2165,0.3710034722222222,288,4052.71466,-5.786537496893557,18.72199509416088,-0.384,53.52798053527981,Q3
O3KmMLK10ru,Koshibanda,Kwilu,-0.3682784810126582,-0.371,-1.547,0.441,-0.502,-0.244,0.3668354430379746,237,4366.80629,-5.129908393672629,19.88706274971878,-0.371,58.15085158150851,Q3
WziDY5wD1fX,Lusanga,Kwilu,-0.3522903225806452,-0.37,-0.955,0.703,-0.514,-0.21825,0.3798456221198157,434,4453.46462,-5.064206421789182,18.760645838107347,-0.37,58.63746958637469,Q3
VYlgP4yyY7F,Masi Manimba,Kwilu,-0.3542142857142857,-0.3795,-0.779,0.431,-0.489,-0.2455,0.3738142857142857,280,2695.96371,-4.932402785866612,17.76389515873584,-0.3795,55.23114355231144,Q3
,Moanza,Kwilu,-0.3812084942084942,-0.408,-0.959,0.254,-0.526,-0.2314999999999999,0.3671389961389961,259,3205.26679,-5.422838637099747,17.73290704119788,-0.408,45.25547445255474,Q3
tPnKr9Z2phW,Mokala,Kwilu,-0.3919857142857142,-0.428,-0.885,0.211,-0.54425,-0.2465,0.3775785714285714,140,3216.69808,-3.9996964204539176,19.03896113469864,-0.428,37.95620437956204,Q2
JRaVxSGfJ9Z,Mosango,Kwilu,-0.2737315789473684,-0.305,-1.116,0.594,-0.4267499999999999,-0.1305,0.37,190,2606.33558,-5.0154052289502,18.141917152461808,-0.305,71.28953771289538,Q4
Tt1rjDuQtRh,Mukedi,Kwilu,-0.3036342592592592,-0.3165,-0.917,0.542,-0.4635,-0.17,0.361787037037037,216,4308.18565,-5.755126509725348,19.82451499913213,-0.3165,70.07299270072993,Q4
,Mungindu,Kwilu,-0.3696271186440678,-0.377,-0.912,0.173,-0.512,-0.243,0.3764180790960452,177,2463.48543,-5.49204885301534,19.072945060387774,-0.377,55.961070559610704,Q3
,Pay Kongila,Kwilu,-0.3483598615916955,-0.361,-0.939,0.425,-0.508,-0.207,0.364757785467128,289,3385.64052,-5.528835699341171,18.28221931043358,-0.361,60.58394160583942,Q4
poOqTlUDT0A,Sia,Kwilu,-0.4334605263157894,-0.419,-1.152,0.427,-0.59725,-0.3057499999999999,0.3736973684210526,76,2990.3115,-3.776098258304206,18.46946132967175,-0.419,41.3625304136253,Q3
fXTBfVcge4w,Vanga,Kwilu,-0.3053601895734597,-0.331,-1.029,0.441,-0.449,-0.153,0.3800142180094787,211,2442.09046,-4.484114472604214,18.3766123279796,-0.331,67.2749391727494,Q4
,Yasa-Bonga,Kwilu,-0.2845182186234817,-0.301,-0.806,0.688,-0.4505,-0.1475,0.378753036437247,247,2672.84628,-4.479253660126984,17.924821217178724,-0.301,73.11435523114356,Q4
S7r6j8vvjBa,Kabinda,Lomami,-0.4464741035856573,-0.458,-0.902,0.444,-0.595,-0.319,0.3870398406374502,251,5581.8411,-6.233050295095243,24.3975974302378,-0.458,27.980535279805352,Q2
hyVNQXTLM57,Kalambayi Kaban,Lomami,-0.4080281690140845,-0.4,-0.945,0.414,-0.55,-0.282,0.3854460093896714,213,3825.61479,-6.737712545567062,24.40036855589027,-0.4,48.175182481751825,Q3
,Kalenda,Lomami,-0.39284388185654,-0.399,-0.981,0.344,-0.549,-0.241,0.3777172995780591,237,3890.9855,-7.431398190187994,23.449581188765247,-0.399,48.661800486618006,Q3
HDHPGpYow9n,Kalonda Est,Lomami,-0.3656682242990654,-0.381,-1.122,0.492,-0.47075,-0.25025,0.3857943925233645,214,4206.85444,-6.424557328202426,25.075470015692257,-0.381,54.379562043795616,Q3
KxcxIF0z6y3,Kamana,Lomami,-0.4115373134328358,-0.428,-1.022,0.35,-0.5742499999999999,-0.26125,0.3844440298507462,268,7710.01056,-5.818023393473413,25.387149833511295,-0.428,37.95620437956204,Q2
,Kamiji,Lomami,-0.3759382716049382,-0.37,-0.823,0.266,-0.497,-0.262,0.3746543209876543,81,1420.04445,-6.738233648671337,23.223601919609028,-0.37,58.63746958637469,Q3
,Kanda_Kanda,Lomami,-0.4410808510638297,-0.456,-0.967,0.207,-0.58,-0.307,0.3884510638297872,235,2451.52072,-6.920421059714363,23.758563180735017,-0.456,28.223844282238442,Q2
,Lubao,Lomami,-0.4137086330935252,-0.4195,-0.94,0.217,-0.5497500000000001,-0.2877499999999999,0.3931690647482014,278,7419.91549,-5.54114751180996,25.863465228688188,-0.4195,40.99756690997567,Q3
,Ludimbi Lukula,Lomami,-0.4413443396226415,-0.446,-0.883,0.391,-0.5872499999999999,-0.2857499999999999,0.3829150943396226,212,5433.81105,-5.699691866142665,24.482808249865894,-0.446,31.508515815085158,Q2
gYjfhzYH5ra,Luputa,Lomami,-0.3824467005076142,-0.417,-0.891,1.332,-0.568,-0.238,0.3884213197969543,197,3601.28258,-7.552933972419521,23.780786899926248,-0.417,42.214111922141115,Q3
x0EmG1LRyjy,Makota,Lomami,-0.17025,-0.179,-0.313,-0.01,-0.298,-0.05125,0.374,4,24.17055,-7.029426675640261,23.440393645709715,-0.179,81.50851581508516,Q5 highest relative wealth
,Mulumba,Lomami,-0.4316862745098039,-0.43,-1.037,0.318,-0.5672499999999999,-0.30725,0.3939117647058823,102,888.24961,-6.598073731144709,23.87292634723911,-0.43,37.34793187347932,Q2
yft32K4WOYZ,Mweneditu,Lomami,-0.3115945945945946,-0.362,-0.816,1.124,-0.517,-0.262,0.3904324324324324,37,532.65159,-6.934073788689379,23.388813215962852,-0.362,60.09732360097324,Q4
,Ngandajika,Lomami,-0.446,-0.4745,-0.987,0.631,-0.59425,-0.33175,0.3908365384615384,104,818.75562,-6.7617862293937,24.053074175118468,-0.4745,23.844282238442823,Q2
,Tshofa,Lomami,-0.3884010152284264,-0.411,-0.804,0.239,-0.56,-0.231,0.3819492385786802,197,5694.59116,-5.251666027780668,25.025929437652003,-0.411,44.64720194647202,Q3
gMiVopcM4An,Wikong,Lomami,-0.4151590909090909,-0.4375,-0.714,0.142,-0.57575,-0.3025,0.3664545454545454,44,714.43294,-7.854378713380188,23.300737134793348,-0.4375,33.941605839416056,Q2
,Bandjau,Mai-Ndombe,-0.5116267605633803,-0.509,-1.462,0.281,-0.7112499999999999,-0.317,0.3780704225352113,142,4949.48955,-1.8415296436113928,17.64183105697021,-0.509,17.761557177615572,Q1 lowest relative wealth
,Kiri,Mai-Ndombe,-0.5962527472527472,-0.615,-1.507,0.251,-0.72425,-0.442,0.3633681318681318,182,10410.22806,-1.835162493026005,19.2437817981681,-0.615,2.67639902676399,Q1 lowest relative wealth
,Mimia,Mai-Ndombe,-0.6261666666666666,-0.59,-1.418,-0.211,-0.80025,-0.419,0.357076923076923,78,18650.79903,-2.596859445658969,20.18786240859791,-0.59,5.109489051094891,Q1 lowest relative wealth
,Pendjua,Mai-Ndombe,-0.5570183486238532,-0.597,-1.357,0.196,-0.731,-0.395,0.372256880733945,109,3844.31235,-1.1349881321709208,19.0968846100594,-0.597,4.622871046228711,Q1 lowest relative wealth
GcP2B8nmUVo,Bokoro,Maindombe,-0.3870169491525423,-0.4475,-0.962,0.482,-0.5812499999999999,-0.22825,0.3754830508474576,118,10032.62557,-2.895831032931312,18.457911526225946,-0.4475,31.143552311435524,Q2
MiaMAqYujLY,Bolobo,Maindombe,-0.3013414634146341,-0.276,-0.979,0.4,-0.459,-0.16525,0.3788780487804878,82,4158.96369,-2.685158079202071,16.382905325185707,-0.276,76.64233576642336,Q4
DlpIIdkVKyg,Bosobe,Maindombe,-0.4166153846153846,-0.4195,-0.837,0.175,-0.56375,-0.2965,0.3693557692307692,104,3262.1727,-3.36308699099372,18.654334681647374,-0.4195,40.99756690997567,Q3
PIT5UiywHIa,Inongo,Maindombe,-0.4964853801169591,-0.498,-1.301,0.707,-0.677,-0.3185,0.3789883040935672,171,15048.16437,-1.91915430350597,18.44801067280132,-0.498,18.97810218978102,Q1 lowest relative wealth
nTMZjDaAgBb,Kwamouth,Maindombe,-0.4401525423728814,-0.443,-1.244,0.411,-0.5705,-0.2995,0.3818135593220339,295,14496.95224,-3.5880211824148045,16.662964884945225,-0.443,32.72506082725061,Q2
EDu64jGXwRe,Mushie,Maindombe,-0.3118969072164949,-0.373,-0.816,1.421,-0.488,-0.211,0.3779175257731959,97,10536.30194,-2.539638619618377,17.2027772644933,-0.373,57.299270072992705,Q3
j89PZlq83OT,Nioki,Maindombe,-0.3597894736842105,-0.36,-0.996,0.546,-0.54,-0.24275,0.3791578947368421,76,6430.02621,-2.899210175722464,17.675929619871606,-0.36,61.0705596107056,Q4
Kts0Ppbd4En,Ntandembelo,Maindombe,-0.4059880952380952,-0.404,-1.2,0.383,-0.57275,-0.1725,0.3726428571428571,84,3427.48681,-2.062957683454358,16.970245073612332,-0.404,47.201946472019465,Q3
ZOLJkw5FviP,Oshwe,Maindombe,-0.4446611111111111,-0.438,-1.427,0.238,-0.636,-0.25525,0.3666888888888889,180,22326.50945,-3.558236123023538,19.784103291566208,-0.438,33.454987834549875,Q2
VOwZTRAt0Ak,Yumbi,Maindombe,-0.307578947368421,-0.346,-0.746,0.778,-0.438,-0.216,0.3806666666666666,57,1534.35844,-2.1529952413736604,16.522715511519625,-0.346,64.96350364963503,Q4
w1BnPOcmluI,Alunguli,Maniema,-0.5155454545454545,-0.518,-1.206,0.587,-0.694,-0.41175,0.400090909090909,22,195.7618,-3.0268813564542074,26.021869775101568,-0.518,15.571776155717762,Q1 lowest relative wealth
,Ferekeni,Maniema,-0.5850481927710843,-0.564,-1.067,-0.102,-0.7284999999999999,-0.4505,0.389144578313253,83,6252.78384,-1.832837735590456,26.314172289105755,-0.564,9.975669099756692,Q1 lowest relative wealth
ncFyk9qnjro,Kabambare,Maniema,-0.3998345864661654,-0.398,-1.032,0.274,-0.538,-0.26,0.3724661654135338,133,11067.32374,-4.674198817749599,28.02610453599424,-0.398,48.9051094890511,Q3
ZHRREbCOGwG,Kailo,Maniema,-0.5344193548387097,-0.524,-1.301,0.264,-0.6982499999999999,-0.352,0.3948225806451613,248,21219.10687,-2.514256858102588,25.6206566516648,-0.524,14.963503649635038,Q1 lowest relative wealth
IpT4QLSAYMK,Kalima,Maniema,-0.4370654205607476,-0.446,-1.06,0.636,-0.617,-0.283,0.3917009345794392,107,3994.16643,-2.747002178596502,26.65097771931164,-0.446,31.508515815085158,Q2
y08g1DjhBXu,Kampene,Maniema,-0.5721447368421052,-0.596,-1.25,0.365,-0.73075,-0.4225,0.392375,152,5858.26896,-3.4888921327558493,26.404556578253185,-0.596,4.866180048661801,Q1 lowest relative wealth
MRRlnyr6MW6,Kasongo,Maniema,-0.4307661691542289,-0.433,-1.078,0.773,-0.582,-0.304,0.3986567164179105,201,3088.18248,-4.38955050351303,26.75986631163659,-0.433,35.64476885644769,Q2
FMXSE1MWvdO,Kibombo,Maniema,-0.4169191919191919,-0.416,-1.047,0.201,-0.572,-0.276,0.3921515151515151,99,10801.09263,-4.042568194016711,25.70400059508191,-0.416,42.579075425790755,Q3
lbUq2j3aRYh,Kindu,Maniema,-0.1136499999999999,-0.298,-0.798,1.147,-0.43775,0.1365,0.4365,20,167.83381,-2.977077802002721,25.898073333574924,-0.298,73.72262773722628,Q4
MMeukZwYdI1,Kunda,Maniema,-0.5221103202846975,-0.524,-1.319,0.107,-0.674,-0.373,0.3957330960854093,281,6491.9438,-3.947396882882683,26.54286263591373,-0.524,14.963503649635038,Q1 lowest relative wealth
HtQZ7yf79SN,Lubutu,Maniema,-0.3924489795918367,-0.3945,-1.128,0.517,-0.524,-0.23025,0.4011428571428572,98,11565.99805,-0.5749970885360449,26.83477415444552,-0.3945,49.87834549878345,Q3
rmoJzmAeUZq,Lusangi,Maniema,-0.423375,-0.438,-0.909,0.545,-0.5712499999999999,-0.28075,0.39228125,128,3481.74531,-4.690691813202278,27.214189596047444,-0.438,33.454987834549875,Q2
BsSB1PA58Qp,Obokote,Maniema,-0.4905306122448979,-0.491,-1.666,0.043,-0.607,-0.292,0.3960408163265306,49,5359.26607,-1.0809020561533904,26.61233802240792,-0.491,21.16788321167883,Q2
,Pangi,Maniema,-0.6822833333333332,-0.6505000000000001,-1.29,-0.263,-0.811,-0.51475,0.38425,120,4290.16114,-3.1457729325986947,26.60953523371681,-0.6505000000000001,0.48661800486618007,Q1 lowest relative wealth
EyMlz2Qvcmt,Punia,Maniema,-0.5543622047244094,-0.548,-1.284,0.309,-0.7075,-0.3945,0.3924724409448819,127,11190.99261,-1.6785825394102365,27.04572689868473,-0.548,11.922141119221411,Q1 lowest relative wealth
SWIUdbyuNVh,Samba,Maniema,-0.4532857142857143,-0.462,-0.991,0.074,-0.5974999999999999,-0.325,0.3890504201680672,119,6499.17762,-4.734693339100848,26.345103072860397,-0.462,27.128953771289538,Q2
aPONdpnYXAn,Saramabila,Maniema,-0.4217051282051282,-0.465,-1.028,0.563,-0.60325,-0.2957499999999999,0.3861474358974359,156,4444.58839,-4.156680418338775,27.385520147906195,-0.465,26.277372262773724,Q2
BmjuXfI9o9i,Tunda,Maniema,-0.4558962264150943,-0.4685,-0.893,0.347,-0.60525,-0.31275,0.3872169811320755,106,12674.49595,-4.123788972026983,25.216491891374,-0.4685,25.060827250608277,Q2
a0M4XJunan2,Binga,Mongala,-0.5382320675105485,-0.53,-1.3,0.051,-0.677,-0.374,0.3661308016877637,237,4668.87436,2.149235025899428,20.413039492995253,-0.53,14.355231143552311,Q1 lowest relative wealth
w70GpRgNj01,Boso Manzi,Mongala,-0.4644421768707483,-0.482,-1.398,-0.028,-0.5705,-0.326,0.3636870748299319,147,5758.92071,2.8078330536422245,21.19615715679716,-0.482,22.74939172749392,Q2
,Yambuku,Mongala,-0.5102680412371134,-0.5035000000000001,-1.153,0.175,-0.64625,-0.3602499999999999,0.3707577319587628,194,5523.03776,2.8387057531919737,22.33675174104668,-0.5035000000000001,18.491484184914842,Q1 lowest relative wealth
GLky3WLKZTi,Alimbongo,Nord-Kivu,-0.321322033898305,-0.3225,-1.156,0.373,-0.461,-0.168,0.3704830508474576,118,3265.81886,-0.2975178789493432,28.8612227688382,-0.3225,69.09975669099757,Q4
reOlSi4YUvZ,Bambo,Nord-Kivu,-0.2737169811320755,-0.291,-0.771,0.502,-0.462,-0.122,0.3776792452830189,53,649.26047,-1.2091465995148545,29.242703403419583,-0.291,74.5742092457421,Q4
msg2MyMGhKv,Beni,Nord-Kivu,-0.0239622641509434,-0.244,-1.08,1.369,-0.365,0.333,0.4199245283018868,53,620.24384,0.5042506476194403,29.498233521502257,-0.244,78.34549878345499,Q4
TtaXlLIpy8b,Biena,Nord-Kivu,-0.3009318181818182,-0.3355,-0.802,0.425,-0.472,-0.132,0.3752651515151515,132,1017.03378,0.2348718928709485,28.991100884518502,-0.3355,66.66666666666666,Q4
qa1TBnjJilP,Binza,Nord-Kivu,-0.2639107142857143,-0.303,-0.821,0.672,-0.41725,-0.12075,0.364625,56,1230.30255,-0.8191962116143462,29.51875727805412,-0.303,72.26277372262774,Q4
,Birambizo,Nord-Kivu,-0.1901960784313725,-0.221,-0.757,0.921,-0.372,-0.0715,0.3775686274509804,51,387.15765,-1.2181734213760191,29.11786675859961,-0.221,79.56204379562044,Q4
foR0DRLqtdJ,Butembo,Nord-Kivu,0.0595384615384615,-0.039,-0.513,1.018,-0.231,0.246,0.4193846153846153,13,71.53046,0.1386281965795151,29.259908904033036,-0.039,84.91484184914842,Q5 highest relative wealth
t8tjGKVhkl3,Goma,Nord-Kivu,1.19,1.297,0.334,1.844,0.71875,1.70575,0.4803333333333333,6,29.69784,-1.6486290173941374,29.173289274928635,1.297,94.40389294403893,Q5 highest relative wealth
bzo7dCPSXS2,Itebero,Nord-Kivu,-0.5146796116504855,-0.497,-1.447,-0.025,-0.6705000000000001,-0.3625,0.3691067961165049,103,5779.72685,-1.7160710118684788,28.07078699585253,-0.497,19.464720194647203,Q1 lowest relative wealth
XoJ3dLz68aj,Kalunguta,Nord-Kivu,-0.3299642857142857,-0.3505,-0.907,0.499,-0.50825,-0.1555,0.3902589285714286,112,873.36419,0.3187266566377787,29.326787161330035,-0.3505,63.26034063260341,Q4
vFJcnSDGQS0,Kamango,Nord-Kivu,-0.4928108108108108,-0.513,-1.093,0.301,-0.742,-0.297,0.3866756756756757,37,662.8351,0.6728836357546015,29.839803479548465,-0.513,17.0316301703163,Q1 lowest relative wealth
RSaqeeEezZl,Karisimbi,Nord-Kivu,1.4358,1.359,1.236,1.794,1.332,1.458,0.4615999999999999,5,36.95509,-1.637859003952595,29.196354940572995,1.359,95.1338199513382,Q5 highest relative wealth
,Katoyi,Nord-Kivu,-0.1188888888888888,-0.1625,-0.878,0.777,-0.32825,0.0435,0.375574074074074,108,792.24001,-1.653956369576726,28.761854107931168,-0.1625,82.9683698296837,Q5 highest relative wealth
woJBeEpIZdy,Katwa,Nord-Kivu,0.4234999999999999,0.3965,-0.231,1.509,0.097,0.59,0.4562142857142857,14,85.25128,0.1149619375799734,29.32239371941079,0.3965,88.56447688564477,Q5 highest relative wealth
ZLgC2OOesbS,Kayna,Nord-Kivu,-0.3157181818181818,-0.3725,-0.896,0.658,-0.47225,-0.183,0.3844363636363636,110,1194.5311,-0.609285182134288,29.087726763546733,-0.3725,57.785888077858885,Q3
OKMskHnAdPh,Kibirizi,Nord-Kivu,-0.2833058823529412,-0.302,-0.806,0.574,-0.412,-0.181,0.3782470588235294,85,1768.68349,-0.8797322911920702,29.20744504579606,-0.302,72.62773722627736,Q4
is2bUIOxBUG,Kibua,Nord-Kivu,-0.376045045045045,-0.386,-1.016,0.159,-0.522,-0.209,0.3745495495495495,111,2798.80633,-1.2178414053079296,28.477178512786672,-0.386,53.16301703163017,Q3
xS36Jly2x2T,Kirotshe,Nord-Kivu,0.0413576642335766,0.014,-0.688,0.754,-0.144,0.243,0.3808321167883212,137,1050.02055,-1.5054951652418815,29.014395282190897,0.014,85.64476885644768,Q5 highest relative wealth
amGiV9h9C2I,Kyondo,Nord-Kivu,-0.3110684931506849,-0.329,-0.893,0.495,-0.458,-0.17,0.3708356164383561,73,897.08711,0.0103069018652006,29.512041352155222,-0.329,67.88321167883211,Q4
oTtGHeQSotN,Lubero,Nord-Kivu,-0.2631390728476821,-0.279,-0.865,0.679,-0.4145,-0.136,0.3761986754966887,151,1013.96395,-0.2318072262043333,29.214871253428985,-0.279,76.39902676399026,Q4
svtAZQ9nVl0,Mabalako,Nord-Kivu,-0.3641717171717171,-0.404,-0.903,0.318,-0.5335000000000001,-0.2145,0.3807878787878788,99,1018.37274,0.4950847896501573,29.16791682231496,-0.404,47.201946472019465,Q3
IyDb5geWMDN,Manguredjipa,Nord-Kivu,-0.5310679611650486,-0.497,-1.234,0.533,-0.7164999999999999,-0.367,0.3729223300970874,103,5555.37742,0.3926601382478405,28.444899083830418,-0.497,19.464720194647203,Q1 lowest relative wealth
kQCMPbHKQ93,Masereka,Nord-Kivu,-0.1783333333333333,-0.1745,-0.723,0.527,-0.31875,-0.06075,0.3802222222222222,54,345.85657,-0.1137677743665253,29.34765034028773,-0.1745,82.23844282238443,Q5 highest relative wealth
D6IRek5MhIt,Masisi,Nord-Kivu,-0.1658716216216216,-0.2095,-0.762,0.764,-0.345,-0.048,0.3802837837837837,148,1133.93519,-1.4786396303614202,28.70588601114083,-0.2095,79.92700729927007,Q4
VooLsNf0dDB,Musienene,Nord-Kivu,-0.279916129032258,-0.275,-1.076,0.46,-0.404,-0.146,0.3782774193548387,155,2975.15348,0.0160585618765135,28.690042447581583,-0.275,76.88564476885644,Q4
TnjfqDbxtwP,Mutwanga,Nord-Kivu,-0.4245760869565217,-0.4445,-0.94,0.722,-0.63,-0.3067499999999999,0.3838913043478261,92,1814.19623,0.3047713882567336,29.72493031391161,-0.4445,32.360097323600975,Q2
OZYtwRFkc5Z,Mweso,Nord-Kivu,-0.1700300751879699,-0.185,-0.632,0.5,-0.318,-0.033,0.3709172932330827,133,864.05124,-1.1773576253467484,28.91312498368049,-0.185,81.02189781021897,Q5 highest relative wealth
WLVe6Xt7Xum,Nyiragongo,Nord-Kivu,0.2076153846153846,0.113,-0.328,1.465,-0.10375,0.39575,0.4158461538461538,26,402.98646,-1.5391695902124731,29.244202950989475,0.113,86.61800486618006,Q5 highest relative wealth
zOOAshOz4Cz,Oicha,Nord-Kivu,-0.3485714285714286,-0.352,-1.076,1.109,-0.572,-0.1995,0.399,63,1351.9789,0.7503350668351474,29.61285697388347,-0.352,62.89537712895377,Q4
Qnxdx1xJkXt,Pinga,Nord-Kivu,-0.3348155339805825,-0.324,-0.889,0.318,-0.4835,-0.2095,0.3665533980582524,103,7777.26048,-0.6320849872653426,28.46665827637698,-0.324,68.61313868613139,Q4
nXYw6kLqc0y,Rutshuru,Nord-Kivu,-0.1508225806451613,-0.2095,-0.77,0.851,-0.3632499999999999,0.0264999999999999,0.3870322580645161,62,864.06908,-1.2796195669450858,29.38362107054583,-0.2095,79.92700729927007,Q4
,Rwanguba,Nord-Kivu,-0.2359545454545454,-0.267,-1.023,0.516,-0.3685,-0.0715,0.3677878787878788,66,596.44787,-1.2532074203509578,29.51937252635373,-0.267,77.37226277372264,Q4
,Vuhovi,Nord-Kivu,-0.241076923076923,-0.23,-0.712,0.343,-0.403,-0.077,0.394,39,415.67912,0.190039730107261,29.45276343301083,-0.23,78.83211678832117,Q4
xIs8yXFjb9Y,Walikale,Nord-Kivu,-0.499516129032258,-0.493,-1.654,0.406,-0.625,-0.368,0.3831505376344086,93,5987.6497,-1.21991353189213,27.771919240043665,-0.493,20.559610705596107,Q2
,Bili,Nord-Ubangi,-0.4253728813559322,-0.432,-0.982,0.549,-0.57,-0.31,0.3782033898305085,177,5663.53826,4.791988642159666,19.72032680823833,-0.432,36.86131386861314,Q2
,Bosobolo,Nord-Ubangi,-0.4175378151260504,-0.411,-0.844,0.068,-0.545,-0.294,0.3762941176470588,119,6987.55895,4.352025231660011,19.84904621663789,-0.411,44.64720194647202,Q3
,Businga,Nord-Ubangi,-0.527569105691057,-0.517,-1.816,0.041,-0.7115,-0.3615,0.3673495934959349,123,6435.95093,3.194778535211812,21.401199627842956,-0.517,15.815085158150852,Q1 lowest relative wealth
ARnHjae4l5S,Loko,Nord-Ubangi,-0.4490964912280702,-0.449,-1.09,0.068,-0.56875,-0.316,0.3851842105263158,114,5184.23856,3.7198040102533416,20.74362101678142,-0.449,30.77858880778589,Q2
e3onjTOWxjS,Mobayi Mbongo,Nord-Ubangi,-0.4161391304347826,-0.435,-1.486,0.454,-0.567,-0.2575,0.3685391304347826,115,8495.04127,4.082362560079685,21.03158200142196,-0.435,34.914841849148424,Q2
Bou7OgEKEp1,Yakoma,Nord-Ubangi,-0.369516129032258,-0.4035,-0.986,1.016,-0.523,-0.2485,0.3765645161290323,62,2045.32823,4.031911636692089,22.20423302807249,-0.4035,47.688564476885645,Q3
aOghManYK5E,Bagira,Sud-Kivu,0.424,0.5295,-0.419,0.978,0.22575,0.7335,0.4703333333333333,6,25.83174,-2.492559790863216,28.820406362554436,0.5295,89.05109489051095,Q5 highest relative wealth
roraCGWMUQ0,Fizi,Sud-Kivu,-0.1430224215246636,-0.165,-0.812,1.067,-0.3345,-0.0195,0.3688116591928251,223,4630.59737,-4.409297877741714,28.945891133625,-0.165,82.60340632603406,Q5 highest relative wealth
,Hauts-Plateaux,Sud-Kivu,-0.1145611111111111,-0.1455,-0.865,1.057,-0.325,0.06325,0.3676388888888888,180,2128.28606,-3.2859185646807934,28.95725641513694,-0.1455,83.45498783454988,Q5 highest relative wealth
jOxDAa0HM4a,Ibanda,Sud-Kivu,1.2313333333333334,1.341,0.821,1.532,1.081,1.4365,0.493,3,19.20442,-2.52464441002012,28.8653180447338,1.341,94.8905109489051,Q5 highest relative wealth
ZwpyTsxIyb3,Itombwe,Sud-Kivu,-0.0735569620253164,-0.089,-0.67,0.711,-0.282,0.1235,0.3645316455696202,79,3312.22197,-3.548475009937085,28.59829551243397,-0.089,84.42822384428223,Q5 highest relative wealth
bfFprcRp0YO,Kadutu,Sud-Kivu,1.189,1.189,1.189,1.189,1.189,1.189,0.453,1,11.5097,-2.515205845630456,28.842264168059703,1.189,92.94403892944038,Q5 highest relative wealth
rv3KA7DrJCO,Kamituga,Sud-Kivu,-0.3507395833333333,-0.35,-0.865,0.578,-0.51375,-0.2465,0.37675,96,2225.56073,-3.1546341584600395,28.159298947048043,-0.35,63.625304136253035,Q4
lF2aCHDydzn,Kimbi Lulenge,Sud-Kivu,-0.3077222222222222,-0.3075,-0.834,0.68,-0.45925,-0.1965,0.3751388888888889,108,3826.21785,-4.2731180038038215,28.38526946622237,-0.3075,71.04622871046229,Q4
n1r14Rh3NvB,Kitutu,Sud-Kivu,-0.375921568627451,-0.396,-0.843,0.006,-0.4865,-0.252,0.3738235294117647,51,2700.22521,-3.489732186817585,28.06835382326939,-0.396,49.27007299270073,Q3
XFUHGajCqjY,Lemera,Sud-Kivu,-0.1751558441558441,-0.165,-0.781,0.421,-0.394,-0.023,0.3690909090909091,77,686.25494,-3.0021358324946634,29.028983045670056,-0.165,82.60340632603406,Q5 highest relative wealth
,Minembwe,Sud-Kivu,-0.147864406779661,-0.18,-0.635,0.719,-0.3265,-0.0075,0.3617457627118644,59,1395.70453,-4.026176747415932,28.562969635298877,-0.18,81.26520681265207,Q5 highest relative wealth
Q3HTytyiRyL,Mwenga,Sud-Kivu,-0.3421470588235294,-0.359,-0.83,0.379,-0.508,-0.18975,0.3712941176470588,102,2363.11418,-3.085914643272894,28.5253095146938,-0.359,61.55717761557178,Q4
pWBu6qPNvdv,Nundu,Sud-Kivu,-0.0905873015873015,-0.158,-0.739,0.622,-0.2865,0.1005,0.3667936507936508,63,1236.34677,-3.733696702952309,28.952839878958667,-0.158,83.21167883211679,Q5 highest relative wealth
jkonpGckbPg,Ruzizi,Sud-Kivu,-0.0613877551020408,-0.197,-0.582,1.043,-0.314,0.169,0.3811428571428571,49,535.16536,-3.1190390443219727,29.16565072378447,-0.197,80.5352798053528,Q5 highest relative wealth
MOESL4KbKoV,Shabunda,Sud-Kivu,-0.5567010309278351,-0.5785,-1.296,0.861,-0.717,-0.40025,0.3769226804123711,194,4624.08259,-2.8744512178823927,27.298697227835184,-0.5785,6.569343065693431,Q1 lowest relative wealth
,Bogosenubia,Sud-Ubangi,-0.4084235807860262,-0.423,-0.991,0.3,-0.554,-0.27,0.378296943231441,229,5263.23367,3.7030483305588255,19.78758408502623,-0.423,40.14598540145985,Q3
J1nws7yZLvv,Budjala,Sud-Ubangi,-0.6454615384615384,-0.5994999999999999,-1.376,0.011,-0.80525,-0.47775,0.3686230769230769,130,2399.19017,2.4960260437668094,19.61875024349273,-0.5994999999999999,4.13625304136253,Q1 lowest relative wealth
hlvN8zeyDZz,Bwamanda,Sud-Ubangi,-0.3854564564564564,-0.388,-1.0,0.267,-0.541,-0.242,0.3768618618618619,333,2789.14832,3.3430464250637426,19.376156299091512,-0.388,52.55474452554745,Q3
F2sZHvPlln6,Gemena,Sud-Ubangi,-0.480076923076923,-0.492,-1.207,0.727,-0.604,-0.372,0.3747869822485207,169,1205.9536,3.0770107234812256,19.834870694174832,-0.492,20.92457420924574,Q2
,Mbaya,Sud-Ubangi,-0.5204453125,-0.4835,-1.394,-0.004,-0.68225,-0.35175,0.367984375,128,2801.65695,2.682835588591681,20.369557520027463,-0.4835,22.14111922141119,Q2
dihBljVQG6z,Ankoro,Tanganyika,-0.4260498084291187,-0.434,-0.932,0.477,-0.568,-0.289,0.3899578544061302,261,9783.3492,-6.941021943138764,26.743783624355107,-0.434,35.27980535279806,Q2
QmaankDWQSm,Kabalo,Tanganyika,-0.4266212534059945,-0.432,-1.068,0.272,-0.5734999999999999,-0.29,0.38916621253406,367,14781.02421,-6.242996093734354,26.88151820600085,-0.432,36.86131386861314,Q2
kH7KijWY3eF,Kalemie,Tanganyika,-0.2997128712871287,-0.3475,-0.875,1.169,-0.472,-0.16825,0.3737079207920792,202,9412.61879,-6.290834064728956,28.86657055530461,-0.3475,64.47688564476886,Q4
dj29qACRqOf,Kansimba,Tanganyika,-0.3352013729977117,-0.338,-0.941,0.17,-0.486,-0.204,0.3751670480549199,437,13792.47683,-7.271469656164167,29.12466498637415,-0.338,66.18004866180048,Q4
,Kiambi,Tanganyika,-0.4055056179775281,-0.4135,-1.122,0.286,-0.5467500000000001,-0.26425,0.373505617977528,178,18079.06166,-7.345615769951237,28.12277870861071,-0.4135,44.038929440389296,Q3
rDRhOPd3q1u,Kongolo,Tanganyika,-0.3919957805907173,-0.417,-0.998,1.188,-0.548,-0.259,0.3926244725738397,474,8883.11527,-5.383545294673735,26.615532368905583,-0.417,42.214111922141115,Q3
oU2G5jtXxFx,Manono,Tanganyika,-0.3168897637795275,-0.366,-0.994,0.998,-0.528,-0.193,0.3894094488188976,127,6152.59765,-7.212869264471857,27.325752774285164,-0.366,59.36739659367397,Q3
W7IdWpJnPra,Mbulula,Tanganyika,-0.4026469135802469,-0.407,-1.025,0.193,-0.545,-0.268,0.3935975308641976,405,3727.26335,-5.3225097017494445,27.352884882486325,-0.407,45.86374695863747,Q3
adxBRCwSlWc,Moba,Tanganyika,-0.3385,-0.348,-0.965,0.817,-0.50575,-0.1935,0.3761930693069307,606,11249.69058,-7.866600618366332,29.996229450840744,-0.348,64.23357664233576,Q4
SpDmHrCCVal,Nyemba,Tanganyika,-0.255278431372549,-0.286,-0.784,1.276,-0.446,-0.142,0.3715254901960784,255,9010.47689,-5.50269397878156,28.86126245343146,-0.286,75.669099756691,Q4
uz41FkMd6Gb,Nyunzu,Tanganyika,-0.4207068965517241,-0.437,-1.033,0.887,-0.5834999999999999,-0.29125,0.3845655172413793,290,16496.66722,-5.749236731621538,27.94060837873914,-0.437,34.306569343065696,Q2
jaNYqjAceGA,Bafwagbogbo,Tshopo,-0.74975,-0.7184999999999999,-1.428,-0.299,-0.957,-0.568,0.3824999999999999,116,10536.93106,1.4853763498947348,26.50696480444325,-0.7184999999999999,0.0,Q1 lowest relative wealth
pLBZiohnxFC,Bafwasende,Tshopo,-0.5406068376068376,-0.579,-1.123,0.507,-0.708,-0.374,0.3838376068376068,117,20596.35436,0.7976310031385874,26.83117531533776,-0.579,6.326034063260341,Q1 lowest relative wealth
WxBLTUjeyfB,Banalia,Tshopo,-0.5789132947976878,-0.571,-1.356,0.596,-0.75,-0.418,0.3810404624277457,173,15429.09268,1.8044711736216013,25.67935415244749,-0.571,8.27250608272506,Q1 lowest relative wealth
,Basali,Tshopo,-0.601159420289855,-0.546,-1.244,-0.239,-0.758,-0.433,0.3760434782608695,69,11986.77245,1.7552214946769198,24.458294107255988,-0.546,12.165450121654501,Q1 lowest relative wealth
SxrrguFFktT,Basoko,Tshopo,-0.5068251748251749,-0.477,-1.307,0.441,-0.69,-0.3465,0.3842447552447552,143,4343.85861,1.3680904565273857,23.64772913840896,-0.477,23.479318734793186,Q2
,Bengamisa,Tshopo,-0.4741666666666666,-0.4375,-1.099,0.316,-0.61775,-0.3165,0.3783015873015872,126,7496.08278,1.1020143084027585,25.0963896587558,-0.4375,33.941605839416056,Q2
dtBcztLoZpn,Isangi,Tshopo,-0.4457391304347826,-0.4545,-1.375,0.46,-0.5692499999999999,-0.30425,0.3843623188405797,138,3101.17974,0.9045270381666854,24.277636439201785,-0.4545,28.710462287104622,Q2
Al5GBxzCgMe,Kabondo,Tshopo,-0.4982666666666667,-0.5760000000000001,-1.389,1.148,-0.69,-0.38525,0.3992666666666666,30,422.09176,0.6297948620522751,25.379229020091657,-0.5760000000000001,7.2992700729927,Q1 lowest relative wealth
,Lowa,Tshopo,-0.63225,-0.6214999999999999,-1.511,0.171,-0.7917500000000001,-0.4445,0.3846136363636363,132,15162.70991,-1.2606823782905772,25.605089434552166,-0.6214999999999999,1.70316301703163,Q1 lowest relative wealth
I9d1F9TGn33,Lubunga,Tshopo,-0.4697571428571429,-0.489,-1.016,0.798,-0.61225,-0.36675,0.3890571428571429,70,740.21598,0.4122687863175879,25.121235607556557,-0.489,21.532846715328464,Q2
,Makiso,Tshopo,-0.0433448275862069,-0.105,-0.978,1.281,-0.402,0.262,0.4398965517241379,29,195.33443,0.5145244109981916,25.24904645749893,-0.105,84.18491484184915,Q5 highest relative wealth
wOWB7WbNuSN,Mangobo,Tshopo,0.568,0.568,0.191,0.945,0.3795,0.7565,0.4425,2,14.49975,0.5378661305548703,25.153426838867517,0.568,89.53771289537713,Q5 highest relative wealth
,Opala,Tshopo,-0.6245709677419354,-0.619,-1.525,0.119,-0.7815000000000001,-0.46575,0.3795096774193548,310,17692.59131,-1.0557815784524758,24.240825175744288,-0.619,2.18978102189781,Q1 lowest relative wealth
G1OIhUfxLw5,Opienge,Tshopo,-0.6286707317073171,-0.6,-1.224,-0.126,-0.7785,-0.4515,0.3814634146341463,82,18968.69674,0.1148023110817305,27.42986416125882,-0.6,3.8929440389294405,Q1 lowest relative wealth
IMkgSD6FVjc,Tshopo,Tshopo,-0.4813684210526315,-0.453,-1.1,0.628,-0.701,-0.286,0.3915438596491228,57,1352.03405,0.8692851251536785,25.54535043351253,-0.453,29.1970802919708,Q2
ThkZT6koPKj,Ubundu,Tshopo,-0.6495574712643678,-0.637,-1.385,0.142,-0.83775,-0.4715,0.383948275862069,174,11340.83649,-0.4391230438510146,25.139520323435026,-0.637,0.9732360097323601,Q1 lowest relative wealth
RowlA1nBHee,Wanierukula,Tshopo,-0.498152,-0.493,-1.222,0.283,-0.688,-0.313,0.390896,125,10590.35717,0.1692050271489669,25.864754775602435,-0.493,20.559610705596107,Q2
,Yabaondo,Tshopo,-0.4497619047619047,-0.449,-1.435,0.329,-0.619,-0.31425,0.3798035714285714,168,3701.48475,0.6477934752890566,23.912475724607344,-0.449,30.77858880778589,Q2
HHv5opVWeoY,Yahisuli,Tshopo,-0.5713832335329342,-0.554,-1.254,0.13,-0.7064999999999999,-0.439,0.3797784431137724,167,4369.92822,0.0183194356357258,23.947418472983674,-0.554,11.19221411192214,Q1 lowest relative wealth
quf7vedArhs,Yahuma,Tshopo,-0.5527702127659575,-0.532,-1.241,0.052,-0.718,-0.3765,0.3767063829787234,235,21598.38255,0.7728393918696207,23.1365440186766,-0.532,14.111922141119221,Q1 lowest relative wealth
,Yakusu,Tshopo,-0.4609270833333334,-0.4635,-1.004,0.054,-0.589,-0.30425,0.3821145833333333,96,3216.42502,0.6635169380291683,24.653214964399048,-0.4635,26.520681265206814,Q2
S8Vd8dUvIqT,Yaleko,Tshopo,-0.5276462585034013,-0.52,-1.158,0.103,-0.6595,-0.361,0.3771292517006803,147,9586.29903,-0.1072402264075827,24.603602326230217,-0.52,15.328467153284672,Q1 lowest relative wealth
CPZTm1VIXB9,Yalimbongo,Tshopo,-0.5077807017543859,-0.5165,-1.068,0.103,-0.62575,-0.3785,0.3798157894736842,114,6581.24911,1.9363129005466075,23.493047654598826,-0.5165,16.05839416058394,Q1 lowest relative wealth
,BEFALE,Tshuapa,-0.6154491017964072,-0.583,-1.668,0.173,-0.791,-0.451,0.3632754491017964,167,13250.86137,0.4686519866413166,20.78743647563022,-0.583,5.59610705596107,Q1 lowest relative wealth
,BOKUNGU,Tshuapa,-0.6251036269430051,-0.608,-1.512,0.25,-0.798,-0.461,0.3782072538860103,193,8773.42947,-0.2741522509806162,22.07057091613903,-0.608,3.1630170316301705,Q1 lowest relative wealth
Uyz1XxXNBKB,Boende,Tshuapa,-0.583399209486166,-0.571,-1.603,1.05,-0.752,-0.428,0.371201581027668,253,9133.37821,-0.3686981669851064,20.83905786659488,-0.571,8.27250608272506,Q1 lowest relative wealth
PpY62UBIBEf,Busanga,Tshuapa,-0.5502803738317757,-0.542,-1.157,0.358,-0.7404999999999999,-0.3445,0.3780841121495327,107,3752.47893,-0.9324428220073928,22.052480187685347,-0.542,12.652068126520682,Q1 lowest relative wealth
J7p1ASHGpX4,Djolu,Tshuapa,-0.4860327868852459,-0.489,-1.192,0.083,-0.629,-0.3675,0.3772732240437158,183,10716.35543,0.386946009558299,22.6871996476755,-0.489,21.532846715328464,Q2
,IKELA,Tshuapa,-0.5691771428571428,-0.573,-1.367,0.261,-0.752,-0.41,0.37816,175,14293.54266,-1.4874922878632175,23.458039622582497,-0.573,7.542579075425791,Q1 lowest relative wealth
hM2ZsK1vEox,Lingomo,Tshuapa,-0.579123076923077,-0.539,-1.401,-0.174,-0.7135,-0.42225,0.3733846153846153,130,8044.09696,1.1555224390931762,22.142278794980932,-0.539,13.138686131386862,Q1 lowest relative wealth
,MOMPONO,Tshuapa,-0.5888991596638655,-0.559,-1.446,0.094,-0.775,-0.4105,0.3749579831932773,119,6614.04089,0.35398231230299,21.71137559802712,-0.559,10.46228710462287,Q1 lowest relative wealth
,MONDOMBE,Tshuapa,-0.6081315789473684,-0.617,-1.286,0.129,-0.7865,-0.4495,0.3799254385964912,228,5854.30499,-0.6502420726047201,22.82264296976014,-0.617,2.4330900243309004,Q1 lowest relative wealth
VnNdiJcF3rF,Monkoto,Tshuapa,-0.4859322033898304,-0.474,-1.367,0.335,-0.66,-0.288,0.3741864406779661,59,5227.13398,-2.008429475773253,21.32101199021572,-0.474,24.087591240875913,Q2
qa0zXM6tGPJ,Wema,Tshuapa,-0.5297697368421053,-0.5045,-1.281,0.233,-0.692,-0.32825,0.3707171052631579,152,10199.52748,-0.8875160078070512,21.377457953043123,-0.5045,18.248175182481752,Q1 lowest relative wealth
,YALIFAFU,Tshuapa,-0.5200151515151514,-0.496,-1.219,0.102,-0.661,-0.3662499999999999,0.3746742424242424,132,5853.3864,-1.2515413847216252,22.51642050559137,-0.496,19.951338199513383,Q1 lowest relative wealth
