report_no,reporting_date,publication_date,drc_confirmed_cases,drc_confirmed_deaths,uganda_confirmed_cases,uganda_confirmed_deaths,source,notes
N1,2026-05-14,2026-05-15,8,4.0,7,1,SitRep MVE N°001/2026,Uganda figures remain the latest available DTM EVD snapshot values used in this dashboard.
N2,2026-05-17,2026-05-18,13,,7,1,SitRep MVE N°002/2026,Uganda figures remain the latest available DTM EVD snapshot values used in this dashboard.
N4,2026-05-18,2026-05-20,33,4.0,7,1,SitRep MVE N°004/2026,Uganda figures remain the latest available DTM EVD snapshot values used in this dashboard.
N5,2026-05-19,2026-05-20,51,4.0,7,1,SitRep MVE N°005/MVE_17/2026,Uganda figures remain the latest available DTM EVD snapshot values used in this dashboard.
N6,2026-05-20,2026-05-21,64,6.0,7,1,SitRep MVE N°006/MVB_17/2026,Uganda figures remain the latest available DTM EVD snapshot values used in this dashboard.
N7,2026-05-21,2026-05-22,83,9.0,7,1,SitRep MVE N°007/MVB_17/2026,Uganda figures remain the latest available DTM EVD snapshot values used in this dashboard.
N8,2026-05-22,2026-05-23,91,10.0,7,1,SitRep N°008/MVB_23/2026,Uganda figures remain the latest available DTM EVD snapshot values used in this dashboard.
N9,2026-05-23,2026-05-24,101,10.0,7,1,SitRep N°009/MVB_24/2026,Uganda figures remain the latest available DTM EVD snapshot values used in this dashboard.
N10,2026-05-24,2026-05-25,105,10.0,7,1,SitRep N°010/MVB_25/2026,Uganda figures remain the latest available DTM EVD snapshot values used in this dashboard.
N11,2026-05-25,2026-05-26,106,12.0,7,1,SitRep N°011/MVB_26/2026,Uganda figures remain the latest available DTM EVD snapshot values used in this dashboard.
N12,2026-05-26,2026-05-26,121,17.0,7,1,SitRep N°012/MVB_26/2026,Uganda figures remain the latest available DTM EVD snapshot values used in this dashboard.
N13,2026-05-27,2026-05-28,125,17.0,7,1,SitRep N°013/MVB_27/2026,Uganda figures remain the latest available DTM EVD snapshot values used in this dashboard.
N14,2026-05-28,2026-05-29,210,17.0,7,1,SitRep N014/MVB_28/2026,Uganda figures remain the latest available DTM EVD snapshot values used in this dashboard.
N15,2026-05-29,2026-05-30,263,42.0,7,1,SitRep N015/MVB_29/2026,Uganda figures remain the latest available DTM EVD snapshot values used in this dashboard.
N16,2026-05-30,2026-05-31,282,42.0,7,1,SitRep N016/MVB_30/2026,Uganda figures remain the latest available DTM EVD snapshot values used in this dashboard.
N17,2026-05-31,2026-06-01,321,48.0,7,1,SitRep N017/MVB_31/2026,Uganda figures remain the latest available DTM EVD snapshot values used in this dashboard.
N18,2026-06-01,2026-06-02,344,60.0,7,1,SitRep N018/MVB_01/06/2026,Uganda figures remain the latest available DTM EVD snapshot values used in this dashboard.
N19,2026-06-02,2026-06-03,363,62.0,7,1,SitRep N019/MVB_02/06/2026,Uganda figures remain the latest available DTM EVD snapshot values used in this dashboard.
N20,2026-06-03,2026-06-04,381,64.0,7,1,SitRep N020/MVB_03/06/2026,Uganda figures remain the latest available DTM EVD snapshot values used in this dashboard.
N21,2026-06-04,2026-06-05,452,82.0,7,1,SitRep N021/MVE BUNDIBUGYO_04/06/2026,Uganda figures remain the latest available DTM EVD snapshot values used in this dashboard.
N22,2026-06-05,2026-06-06,488,86.0,7,1,SitRep N22/MVB_05/06/2026,Uganda figures remain the latest available DTM EVD snapshot values used in this dashboard.
N23,2026-06-06,2026-06-07,515,91.0,7,1,SitRep N23/MVB_06/06/2026,Uganda figures remain the latest available DTM EVD snapshot values used in this dashboard.
N24,2026-06-07,2026-06-08,550,101.0,7,1,SitRep N24/MVB_07/06/2026,Uganda figures remain the latest available DTM EVD snapshot values used in this dashboard.
N25,2026-06-08,2026-06-09,598,115.0,7,1,SitRep N25/MVB_08/06/2026,Uganda figures remain the latest available DTM EVD snapshot values used in this dashboard.
N26,2026-06-09,2026-06-10,635,127.0,7,1,SitRep N26/MVB_09/06/2026,Updated from uploaded INSP SitRep N26 PDF. Uganda figures remain latest available DTM EVD snapshot values unless separately updated.
N27,2026-06-10,2026-06-11,676,136.0,19,2,SitRep N27/MVB_10/06/2026,Updated from uploaded INSP SitRep N27 PDF. Uganda figures remain latest available DTM EVD snapshot values unless separately updated. Uganda figures are now updated separately from the Uganda Ministry of Health EVD daily page.
N28,2026-06-11,2026-06-12,689,139.0,7,1,SitRep N28/MVB,Automatically updated from INSP SitRep PDF. Uganda figures remain latest available DTM EVD snapshot values unless separately updated.
N30,2026-06-13,2026-06-14,782,181.0,7,1,SitRep N30/MVB,Automatically updated from INSP SitRep PDF. Uganda figures remain latest available DTM EVD snapshot values unless separately updated.
N31,2026-06-14,2026-06-15,808,192.0,7,1,SitRep N31/MVB,Automatically updated from INSP SitRep PDF. Uganda figures remain latest available DTM EVD snapshot values unless separately updated.
N32,2026-06-15,2026-06-16,837,196.0,7,1,SitRep N32/MVB,Automatically updated from INSP SitRep PDF. Uganda figures remain latest available DTM EVD snapshot values unless separately updated.
N33,2026-06-16,2026-06-17,875,202.0,7,1,SitRep N33/MVB,Automatically updated from INSP SitRep PDF. Uganda figures remain latest available DTM EVD snapshot values unless separately updated.
N34,2026-06-17,2026-06-18,896,232.0,7,1,SitRep N34/MVB,Automatically updated from INSP SitRep PDF. Uganda figures remain latest available DTM EVD snapshot values unless separately updated.
N35,2026-06-18,2026-06-19,933,245.0,7,1,SitRep N35/MVB,Automatically updated from INSP SitRep PDF. Uganda figures remain latest available DTM EVD snapshot values unless separately updated.
N36,2026-06-19,2026-06-20,956,247.0,7,1,SitRep N36/MVB,Automatically updated from INSP SitRep PDF. Uganda figures remain latest available DTM EVD snapshot values unless separately updated.
N37,2026-06-20,2026-06-21,1003,254.0,7,1,SitRep N37/MVB,Automatically updated from INSP SitRep PDF. Uganda figures remain latest available DTM EVD snapshot values unless separately updated.
N38,2026-06-21,2026-06-22,1048,267.0,7,1,SitRep N38/MVB,Automatically updated from INSP SitRep PDF. Uganda figures remain latest available DTM EVD snapshot values unless separately updated.
N39,2026-06-22,2026-06-23,1094,277.0,7,1,SitRep N39/MVB,Automatically updated from INSP SitRep PDF. Uganda figures remain latest available DTM EVD snapshot values unless separately updated.
N40,2026-06-23,2026-06-24,1118,291.0,7,1,SitRep N40/MVB,Automatically updated from INSP SitRep PDF. Uganda figures remain latest available DTM EVD snapshot values unless separately updated.
N41,2026-06-24,2026-06-25,1155,304.0,7,1,SitRep N41/MVB,Automatically updated from INSP SitRep PDF. Uganda figures remain latest available DTM EVD snapshot values unless separately updated.
N42,2026-06-25,2026-06-26,1203,321.0,7,1,SitRep N42/MVB,Automatically updated from INSP SitRep PDF. Uganda figures remain latest available DTM EVD snapshot values unless separately updated.
N44,2026-06-27,2026-06-28,1274,360.0,20,2,SitRep N44/MVB,Verified from uploaded SitRep table/card totals; corrected to avoid reading the reporting year or isolated/hospitalised count as cases/deaths.
N46,2026-06-29,2026-06-30,1333,399.0,20,2,SitRep N46/MVB,Verified from uploaded SitRep table/card totals; corrected to avoid reading the reporting year or isolated/hospitalised count as cases/deaths.
N47,2026-06-30,2026-07-01,1406,438.0,20,2,SitRep N47/MVB,Verified from uploaded SitRep table/card totals; corrected to avoid reading the reporting year or isolated/hospitalised count as cases/deaths.
N48,2026-07-01,2026-07-02,1460,452.0,20,2,SitRep N48/MVB,Verified from uploaded SitRep table/card totals; corrected to avoid reading the reporting year or isolated/hospitalised count as cases/deaths.
N49,2026-07-02,2026-07-03,1502,473.0,20,2,SitRep N49/MVB,Verified from uploaded SitRep table/card totals; corrected to avoid reading the reporting year or isolated/hospitalised count as cases/deaths.
N50,2026-07-03,2026-07-04,1528,492.0,20,2,SitRep N50/MVB,Verified from uploaded SitRep table/card totals; corrected to avoid reading the reporting year or isolated/hospitalised count as cases/deaths.
N51,2026-07-04,2026-07-05,1561,506.0,20,2,SitRep N51/MVB,Verified from uploaded SitRep table/card totals; corrected to avoid reading reporting year or operational counts as cumulative cases/deaths.
N52,2026-07-05,2026-07-06,1624,521.0,20,2,SitRep N52/MVB,Verified from uploaded SitRep card/Table 1 totals; recent values backfilled to keep top panel and projections aligned.
N53,2026-07-06,2026-07-07,1708,580.0,20,2,SitRep N53/MVB,Verified from uploaded SitRep card/Table 1 totals; recent values backfilled to keep top panel and projections aligned.
N54,2026-07-07,2026-07-08,1759,600.0,20,2,SitRep N54/MVB,Verified from uploaded SitRep card/Table 1 totals; recent values backfilled to keep top panel and projections aligned.
N55,2026-07-08,2026-07-09,1792,625.0,20,2,SitRep N55/MVB,Verified from uploaded SitRep card/Table 1 totals; recent values backfilled to keep top panel and projections aligned.
N56,2026-07-09,2026-07-10,1830,648.0,20,2,SitRep N56/MVB,Verified from uploaded SitRep card/Table 1 totals; recent values backfilled to keep top panel and projections aligned.
N57,2026-07-10,2026-07-11,1873,672.0,20,2,SitRep N57/MVB,Verified from uploaded SitRep card/Table 1 totals; recent values backfilled to keep top panel and projections aligned.
N58,2026-07-11,2026-07-12,1926,702.0,20,2,SitRep N58/MVB,Verified from uploaded SitRep card/Table 1 totals; recent values backfilled to keep top panel and projections aligned.
N60,2026-07-13,2026-07-14,2011,754.0,20,2,SitRep N60/MVB,Automatically updated from INSP SitRep PDF. Uganda figures remain latest available DTM EVD snapshot values unless separately updated.
N61,2026-07-14,2026-07-15,2073,796.0,20,2,SitRep N61/MVB,Automatically updated from INSP SitRep PDF. Uganda figures remain latest available DTM EVD snapshot values unless separately updated.
N62,2026-07-15,2026-07-16,2124,828.0,20,2,SitRep N62/MVB,Automatically updated from INSP SitRep PDF. Uganda figures remain latest available DTM EVD snapshot values unless separately updated.
N64,2026-07-17,2026-07-18,2267,893.0,20,2,SitRep N64/MVB,Automatically updated from INSP SitRep PDF. Uganda figures remain latest available DTM EVD snapshot values unless separately updated.
N65,2026-07-18,2026-07-19,2344,930.0,20,2,SitRep N65/MVB,Automatically updated from INSP SitRep PDF. Uganda figures remain latest available DTM EVD snapshot values unless separately updated.
N66,2026-07-19,2026-07-20,2423,967.0,20,2,SitRep N66/MVB,Automatically updated from INSP SitRep PDF. Uganda figures remain latest available DTM EVD snapshot values unless separately updated.
N67,2026-07-20,2026-07-21,2473,999.0,20,2,SitRep N67/MVB,Automatically updated from INSP SitRep PDF. Uganda figures remain latest available DTM EVD snapshot values unless separately updated.
N68,2026-07-21,2026-07-22,2536,1033.0,20,2,SitRep N68/MVB,"Verified from uploaded SitRep N68 indicators and province/health-zone tables; Table 1 total appears typographically inconsistent, but card and Table 2 total are 2,536 confirmed and 1,033 deaths."
N69,2026-07-22,2026-07-23,2905,1269.0,20,2,SitRep N69/MVB,Verified from uploaded SitRep N69 indicators and province/health-zone tables. Harmonisation of Ituri and Nord-Kivu provincial data; large cumulative increase includes retrospective consolidation.
N70,2026-07-23,2026-07-24,2973,1309.0,20,2,SitRep N70/MVB,Verified from uploaded SitRep N70 indicators and province/health-zone tables. New affected health zone reported in Haut-Uele: Rungu.
N71,2026-07-24,2026-07-25,3075,1354.0,20,2,SitRep N71/MVB,Verified from uploaded SitRep N71 indicators and province/health-zone tables. No new affected health zone; Kasenyi diagnostic laboratory inauguration reported.
N72,2026-07-25,2026-07-26,3200,1405.0,20,2,SitRep N72/MVB,Verified from uploaded SitRep N72 indicators and province/health-zone tables. No new affected health zone; response supervision by pillar reported.
N73,2026-07-26,2026-07-27,3262,1437.0,20,2,SitRep N73/MVB,Automatically updated from INSP SitRep PDF. Uganda figures remain latest available DTM EVD snapshot values unless separately updated.
N74,2026-07-27,2026-07-28,3360,1487.0,20,2,SitRep N74/MVB,Automatically updated from uploaded SitRep N74 PDF. Uganda figures remain latest available DTM EVD snapshot values unless separately updated.
N77,2026-07-30,2026-07-31,3605,1587,20,2,SitRep N77/MVB,Automatically updated from INSP SitRep PDF. Uganda figures remain latest available DTM EVD snapshot values unless separately updated.
N78,2026-07-31,2026-08-01,3674,1621,20,2,SitRep N78/MVB,Automatically updated from INSP SitRep PDF. Uganda figures remain latest available DTM EVD snapshot values unless separately updated.
N79,2026-08-01,2026-08-02,3748,1657,20,2,SitRep N79/MVB,Automatically updated from INSP SitRep PDF. Uganda figures remain latest available DTM EVD snapshot values unless separately updated.
