date,report_no,observed_sitrep,new_confirmed,new_confirmed_smoothed,rt_median,rt_low,rt_high,generation_time_mean_days,generation_time_sd_days,method
2026-05-14,N1,1,8.0,8.0,,,,15.0,6.0,renewal_equation_approx_reported_cases
2026-05-15,,0,1.667,4.833,,,,15.0,6.0,renewal_equation_approx_reported_cases
2026-05-16,,0,1.667,3.778,,,,15.0,6.0,renewal_equation_approx_reported_cases
2026-05-17,N2,1,1.667,1.667,,,,15.0,6.0,renewal_equation_approx_reported_cases
2026-05-18,N4,1,20.0,7.778,,,,15.0,6.0,renewal_equation_approx_reported_cases
2026-05-19,N5,1,18.0,13.222,,,,15.0,6.0,renewal_equation_approx_reported_cases
2026-05-20,N6,1,13.0,17.0,,,,15.0,6.0,renewal_equation_approx_reported_cases
2026-05-21,N7,1,19.0,16.667,42.247,26.139,68.282,15.0,6.0,renewal_equation_approx_reported_cases
2026-05-22,N8,1,8.0,13.333,20.47,11.967,35.013,15.0,6.0,renewal_equation_approx_reported_cases
2026-05-23,N9,1,10.0,12.333,11.929,6.827,20.845,15.0,6.0,renewal_equation_approx_reported_cases
2026-05-24,N10,1,4.0,7.333,4.686,2.272,9.663,15.0,6.0,renewal_equation_approx_reported_cases
2026-05-25,N11,1,1.0,5.0,2.228,0.927,5.352,15.0,6.0,renewal_equation_approx_reported_cases
2026-05-26,N12,1,15.0,6.667,2.189,1.025,4.677,15.0,6.0,renewal_equation_approx_reported_cases
2026-05-27,N13,1,4.0,6.667,1.703,0.797,3.638,15.0,6.0,renewal_equation_approx_reported_cases
2026-05-28,N14,1,85.0,34.667,7.239,5.189,10.099,15.0,6.0,renewal_equation_approx_reported_cases
2026-05-29,N15,1,53.0,47.333,8.436,6.345,11.216,15.0,6.0,renewal_equation_approx_reported_cases
2026-05-30,N16,1,19.0,52.333,8.22,6.269,10.778,15.0,6.0,renewal_equation_approx_reported_cases
2026-05-31,N17,1,39.0,37.0,5.194,3.763,7.168,15.0,6.0,renewal_equation_approx_reported_cases
2026-06-01,N18,1,23.0,27.0,3.37,2.311,4.914,15.0,6.0,renewal_equation_approx_reported_cases
2026-06-02,N19,1,19.0,27.0,2.954,2.026,4.307,15.0,6.0,renewal_equation_approx_reported_cases
2026-06-03,N20,1,18.0,20.0,1.893,1.222,2.935,15.0,6.0,renewal_equation_approx_reported_cases
2026-06-04,N21,1,71.0,36.0,2.937,2.119,4.072,15.0,6.0,renewal_equation_approx_reported_cases
2026-06-05,N22,1,36.0,41.667,2.948,2.176,3.994,15.0,6.0,renewal_equation_approx_reported_cases
2026-06-06,N23,1,27.0,44.667,2.777,2.071,3.724,15.0,6.0,renewal_equation_approx_reported_cases
2026-06-07,N24,1,35.0,32.667,1.812,1.286,2.553,15.0,6.0,renewal_equation_approx_reported_cases
2026-06-08,N25,1,48.0,36.667,1.839,1.33,2.541,15.0,6.0,renewal_equation_approx_reported_cases
2026-06-09,N26,1,37.0,40.0,1.836,1.346,2.503,15.0,6.0,renewal_equation_approx_reported_cases
2026-06-10,N27,1,41.0,42.0,1.783,1.317,2.412,15.0,6.0,renewal_equation_approx_reported_cases
2026-06-11,N28,1,13.0,30.333,1.202,0.842,1.715,15.0,6.0,renewal_equation_approx_reported_cases
2026-06-12,,0,46.5,33.5,1.249,0.89,1.752,15.0,6.0,renewal_equation_approx_reported_cases
2026-06-13,N30,1,46.5,35.333,1.248,0.897,1.735,15.0,6.0,renewal_equation_approx_reported_cases
2026-06-14,N31,1,26.0,39.667,1.338,0.98,1.826,15.0,6.0,renewal_equation_approx_reported_cases
2026-06-15,N32,1,29.0,33.833,1.096,0.783,1.535,15.0,6.0,renewal_equation_approx_reported_cases
2026-06-16,N33,1,38.0,31.0,0.971,0.683,1.381,15.0,6.0,renewal_equation_approx_reported_cases
2026-06-17,N34,1,21.0,29.333,0.893,0.622,1.283,15.0,6.0,renewal_equation_approx_reported_cases
2026-06-18,N35,1,37.0,32.0,0.954,0.675,1.35,15.0,6.0,renewal_equation_approx_reported_cases
2026-06-19,N36,1,23.0,27.0,0.792,0.543,1.155,15.0,6.0,renewal_equation_approx_reported_cases
2026-06-20,N37,1,47.0,35.667,1.033,0.744,1.435,15.0,6.0,renewal_equation_approx_reported_cases
2026-06-21,N38,1,45.0,38.333,1.103,0.804,1.513,15.0,6.0,renewal_equation_approx_reported_cases
2026-06-22,N39,1,46.0,46.0,1.318,0.987,1.759,15.0,6.0,renewal_equation_approx_reported_cases
2026-06-23,N40,1,24.0,38.333,1.098,0.8,1.507,15.0,6.0,renewal_equation_approx_reported_cases
2026-06-24,N41,1,37.0,35.667,1.022,0.736,1.419,15.0,6.0,renewal_equation_approx_reported_cases
2026-06-25,N42,1,48.0,36.333,1.042,0.753,1.442,15.0,6.0,renewal_equation_approx_reported_cases
2026-06-26,,0,35.5,40.167,1.153,0.847,1.571,15.0,6.0,renewal_equation_approx_reported_cases
2026-06-27,N44,1,35.5,39.667,1.137,0.833,1.552,15.0,6.0,renewal_equation_approx_reported_cases
2026-06-28,,0,29.5,33.5,0.965,0.688,1.354,15.0,6.0,renewal_equation_approx_reported_cases
2026-06-29,N46,1,29.5,31.5,0.905,0.638,1.284,15.0,6.0,renewal_equation_approx_reported_cases
2026-06-30,N47,1,73.0,44.0,1.254,0.933,1.685,15.0,6.0,renewal_equation_approx_reported_cases
2026-07-01,N48,1,54.0,52.167,1.478,1.126,1.938,15.0,6.0,renewal_equation_approx_reported_cases
2026-07-02,N49,1,42.0,56.333,1.583,1.219,2.055,15.0,6.0,renewal_equation_approx_reported_cases
2026-07-03,N50,1,26.0,40.667,1.133,0.833,1.54,15.0,6.0,renewal_equation_approx_reported_cases
2026-07-04,N51,1,33.0,33.667,0.928,0.662,1.301,15.0,6.0,renewal_equation_approx_reported_cases
2026-07-05,N52,1,63.0,40.667,1.114,0.819,1.515,15.0,6.0,renewal_equation_approx_reported_cases
2026-07-06,N53,1,84.0,60.0,1.622,1.259,2.088,15.0,6.0,renewal_equation_approx_reported_cases
2026-07-07,N54,1,51.0,66.0,1.756,1.379,2.235,15.0,6.0,renewal_equation_approx_reported_cases
2026-07-08,N55,1,33.0,56.0,1.467,1.129,1.906,15.0,6.0,renewal_equation_approx_reported_cases
2026-07-09,N56,1,38.0,40.667,1.048,0.771,1.425,15.0,6.0,renewal_equation_approx_reported_cases
2026-07-10,N57,1,43.0,38.0,0.96,0.699,1.32,15.0,6.0,renewal_equation_approx_reported_cases
2026-07-11,N58,1,53.0,44.667,1.105,0.824,1.481,15.0,6.0,renewal_equation_approx_reported_cases
2026-07-12,,0,42.5,46.167,1.113,0.834,1.485,15.0,6.0,renewal_equation_approx_reported_cases
2026-07-13,N60,1,42.5,46.0,1.085,0.813,1.449,15.0,6.0,renewal_equation_approx_reported_cases
2026-07-14,N61,1,62.0,49.0,1.133,0.856,1.499,15.0,6.0,renewal_equation_approx_reported_cases
2026-07-15,N62,1,51.0,51.833,1.176,0.895,1.543,15.0,6.0,renewal_equation_approx_reported_cases
2026-07-16,,0,71.5,61.5,1.373,1.07,1.763,15.0,6.0,renewal_equation_approx_reported_cases
2026-07-17,N64,1,71.5,64.667,1.427,1.118,1.821,15.0,6.0,renewal_equation_approx_reported_cases
2026-07-18,N65,1,77.0,73.333,1.6,1.273,2.011,15.0,6.0,renewal_equation_approx_reported_cases
2026-07-19,N66,1,79.0,75.833,1.639,1.309,2.053,15.0,6.0,renewal_equation_approx_reported_cases
2026-07-20,N67,1,50.0,68.667,1.467,1.158,1.858,15.0,6.0,renewal_equation_approx_reported_cases
2026-07-21,N68,1,63.0,64.0,1.35,1.057,1.725,15.0,6.0,renewal_equation_approx_reported_cases
2026-07-22,N69,1,369.0,160.667,3.33,2.853,3.887,15.0,6.0,renewal_equation_approx_reported_cases
2026-07-23,N70,1,68.0,166.667,3.378,2.902,3.932,15.0,6.0,renewal_equation_approx_reported_cases
2026-07-24,N71,1,102.0,179.667,3.535,3.054,4.092,15.0,6.0,renewal_equation_approx_reported_cases
2026-07-25,N72,1,125.0,98.333,1.862,1.528,2.269,15.0,6.0,renewal_equation_approx_reported_cases
2026-07-26,N73,1,62.0,96.333,1.734,1.42,2.117,15.0,6.0,renewal_equation_approx_reported_cases
2026-07-27,N74,1,98.0,95.0,1.601,1.309,1.958,15.0,6.0,renewal_equation_approx_reported_cases
2026-07-28,,0,81.667,80.556,1.259,1.012,1.566,15.0,6.0,renewal_equation_approx_reported_cases
2026-07-29,,0,81.667,87.111,1.257,1.019,1.551,15.0,6.0,renewal_equation_approx_reported_cases
2026-07-30,N77,1,81.667,81.667,1.092,0.879,1.357,15.0,6.0,renewal_equation_approx_reported_cases
2026-07-31,N78,1,69.0,77.444,0.969,0.775,1.21,15.0,6.0,renewal_equation_approx_reported_cases
2026-08-01,N79,1,74.0,74.889,0.884,0.705,1.108,15.0,6.0,renewal_equation_approx_reported_cases
2026-08-02,N80,1,54.0,65.667,0.739,0.581,0.942,15.0,6.0,renewal_equation_approx_reported_cases
2026-08-03,N81,1,72.0,66.667,0.724,0.57,0.921,15.0,6.0,renewal_equation_approx_reported_cases
2026-08-04,N82,1,99.0,75.0,0.796,0.635,0.998,15.0,6.0,renewal_equation_approx_reported_cases
2026-08-05,N83,1,80.0,83.667,0.878,0.708,1.087,15.0,6.0,renewal_equation_approx_reported_cases
2026-08-06,N84,1,67.0,82.0,0.859,0.692,1.066,15.0,6.0,renewal_equation_approx_reported_cases
2026-08-07,N85,1,89.0,78.667,0.828,0.664,1.033,15.0,6.0,renewal_equation_approx_reported_cases
2026-08-08,N86,1,85.0,80.333,0.854,0.686,1.063,15.0,6.0,renewal_equation_approx_reported_cases
2026-08-09,N87,1,87.0,87.0,0.938,0.76,1.158,15.0,6.0,renewal_equation_approx_reported_cases
2026-08-10,N88,1,68.0,80.0,0.878,0.705,1.093,15.0,6.0,renewal_equation_approx_reported_cases
2026-08-11,N89,1,117.0,90.667,1.013,0.825,1.245,15.0,6.0,renewal_equation_approx_reported_cases
2026-08-12,N90,1,99.0,94.667,1.076,0.88,1.316,15.0,6.0,renewal_equation_approx_reported_cases
2026-08-13,N91,1,62.0,92.667,1.07,0.873,1.312,15.0,6.0,renewal_equation_approx_reported_cases
2026-08-14,N92,1,116.0,92.333,1.081,0.882,1.326,15.0,6.0,renewal_equation_approx_reported_cases
2026-08-15,N93,1,102.0,93.333,1.104,0.901,1.352,15.0,6.0,renewal_equation_approx_reported_cases
